m_id,m_Label,m_Resist,m_Minus,m_Plus,m_Removable,m_Multiply,m_OverwriteTurn,m_ForceOverrideValue,m_InvokeTiming,m_TargetStatus,m_TargetStatusArray,m_AilmentCalc,m_ResistWeapon,m_ResistMagic,m_RemoveAilment,m_TargetType,m_RemoveConditions,m_RemoveParams,m_ChildAilment,m_TextID,m_IconTexID,m_IconSptTexID,m_AddEffect,m_CharacterEffect,m_FieldEffect,m_InvokeEffect,m_OnGroundInvoke,m_AddEffectSound,m_InvokeSound,m_ActionID,m_ActionPriority,m_CountDown,m_NoCount,m_StatusDetailAllName,m_StatusDetailName,m_StatusDetailCommentTextID,m_StatusDetailCommentCalcTextID,m_StatusDetailCommentRatedTextID,m_StatusDetailCommentNowRatedTextID,m_StatusDetailCommentFixedTextID,m_StatusDetailAllCommentTextID,m_StatusDetailAllCommentCalcTextID,m_StatusDetailAllCommentRatedTextID,m_StatusDetailAllCommentNowRatedTextID,m_StatusDetailAllCommentFixedTextID,m_StatusDetailSort,m_IgnoreLimit,m_RemainDead,m_AbsorbHealStatus,m_EnemyRace,m_ForceSupportAbility
0,NONE,194,194,194,194,194,194,194,cc00,cc00,"[204, 0, 204]",0,"[194, 194, 194, 194, 194, 194, 194, 194, 194]","[194, 194, 194, 194, 194, 194, 194, 194]","[0, 0, 0, 0]",cc00,"[204, 0]","[0, 0]",0,0,0,0,0,0,0,0,194,0,0,0,0,194,194,0,0,0,0,0,0,0,0,0,0,0,0,0,194,194,cc00,0,194
1,POISON,195,195,194,195,195,194,194,cc11,cc05,"[204, 0, 204]",0,"[194, 194, 194, 194, 194, 194, 194, 194, 194]","[194, 194, 194, 194, 194, 194, 194, 194]","[0, 0, 0, 0]",cc00,"[204, 0]","[0, 0]",0,62327,4056,4320,32,160,0,32,194,0,0,17,0,194,194,0,0,0,0,0,0,0,0,0,0,0,0,1,194,194,cc00,0,194
2,BLEED,195,195,194,195,195,194,194,cc11,cc05,"[204, 0, 204]",0,"[194, 194, 194, 194, 194, 194, 194, 194, 194]","[194, 194, 194, 194, 194, 194, 194, 194]","[0, 0, 0, 0]",cc00,"[204, 0]","[0, 0]",0,62328,4124,4321,587,588,0,587,194,0,0,17,0,194,194,0,0,0,0,0,0,0,0,0,0,0,0,3,194,194,cc00,0,194
3,SILENCE,195,195,194,195,195,194,194,cc02,cc00,"[204, 0, 204]",0,"[194, 194, 194, 194, 194, 194, 194, 194, 194]","[194, 194, 194, 194, 194, 194, 194, 194]","[0, 0, 0, 0]",cc00,"[204, 0]","[0, 0]",0,62329,4057,4322,216,163,0,0,194,0,0,17,0,194,194,0,0,0,0,0,0,0,0,0,0,0,0,5,194,194,cc00,0,194
4,SLEEP,195,195,194,195,195,194,194,cc02,cc00,"[204, 0, 204]",0,"[194, 194, 194, 194, 194, 194, 194, 194, 194]","[194, 194, 194, 194, 194, 194, 194, 194]","[0, 0, 0, 0]",cc00,"[204, 10]","[0, 0]",0,62330,4058,4323,0,161,0,0,194,0,0,17,0,194,194,0,0,0,0,0,0,0,0,0,0,0,0,6,194,194,cc00,0,194
5,PARALYSIS,195,195,194,195,195,194,194,cc02,cc00,"[204, 0, 204]",0,"[194, 194, 194, 194, 194, 194, 194, 194, 194]","[194, 194, 194, 194, 194, 194, 194, 194]","[0, 0, 0, 0]",cc00,"[204, 0]","[0, 0]",0,62331,4134,4324,0,589,0,0,194,0,0,17,0,194,194,0,0,0,0,0,0,0,0,0,0,0,0,7,194,194,cc00,0,194
6,FEAR,195,195,194,195,195,194,194,cc02,cc00,"[204, 0, 204]",0,"[194, 194, 194, 194, 194, 194, 194, 194, 194]","[194, 194, 194, 194, 194, 194, 194, 194]","[0, 0, 0, 0]",cc00,"[204, 0]","[0, 0]",0,62332,4048,0,213,159,0,0,194,0,0,17,0,194,194,0,0,0,0,0,0,0,0,0,0,0,0,8,194,194,cc00,0,194
7,WASTE,195,195,194,195,195,194,194,cc02,cc06,"[204, 0, 204]",0,"[194, 194, 194, 194, 194, 194, 194, 194, 194]","[194, 194, 194, 194, 194, 194, 194, 194]","[0, 0, 0, 0]",cc00,"[204, 0]","[0, 0]",0,62333,4130,0,215,590,0,0,194,0,0,17,0,194,194,0,0,0,0,0,0,0,0,0,0,0,0,10,194,194,cc00,0,194
8,HIGH_POISON,195,195,194,195,195,194,194,cc11,cc05,"[204, 0, 204]",0,"[194, 194, 194, 194, 194, 194, 194, 194, 194]","[194, 194, 194, 194, 194, 194, 194, 194]","[1, 0, 0, 0]",cc00,"[204, 0]","[0, 0]",0,62334,4056,0,32,686,0,32,194,0,0,17,0,194,194,0,0,0,0,0,0,0,0,0,0,0,0,2,194,194,cc00,0,194
9,HIGH_BLEED,195,195,194,195,195,194,194,cc11,cc05,"[204, 0, 204]",0,"[194, 194, 194, 194, 194, 194, 194, 194, 194]","[194, 194, 194, 194, 194, 194, 194, 194]","[2, 0, 0, 0]",cc00,"[204, 0]","[0, 0]",0,62335,4124,0,587,685,0,587,194,0,0,17,0,194,194,0,0,0,0,0,0,0,0,0,0,0,0,4,194,194,cc00,0,194
10,AWE,194,194,194,195,195,194,194,cc02,cc00,"[204, 0, 204]",0,"[194, 194, 194, 194, 194, 194, 194, 194, 194]","[194, 194, 194, 194, 194, 194, 194, 194]","[6, 0, 0, 0]",cc00,"[204, 1]","[0, 0]",0,62336,4048,0,213,1212,0,0,194,0,0,17,0,194,194,0,0,0,0,0,0,0,0,0,0,0,0,9,194,194,cc00,0,194
11,DARKNESS,195,195,194,195,195,194,194,cc02,cc00,"[204, 0, 204]",0,"[194, 194, 194, 194, 194, 194, 194, 194, 194]","[194, 194, 194, 194, 194, 194, 194, 194]","[0, 0, 0, 0]",cc00,"[204, 0]","[0, 0]",0,62337,8366,0,46,158,0,0,194,0,0,17,0,194,194,0,0,0,0,0,0,0,0,0,0,0,0,11,194,194,cc00,0,194
18,HEADACHE,195,195,194,195,195,194,194,cc11,cc06,"[204, 0, 204]",0,"[194, 194, 194, 194, 194, 194, 194, 194, 194]","[194, 194, 194, 194, 194, 194, 194, 194]","[0, 0, 0, 0]",cc00,"[204, 0]","[0, 0]",0,62344,4228,9111,0,692,0,0,194,0,0,17,0,194,194,0,0,0,0,0,0,0,0,0,0,0,0,12,194,194,cc00,0,194
19,ENERGYDRAIN,195,195,194,195,195,194,194,cc11,cc07,"[204, 0, 204]",0,"[194, 194, 194, 194, 194, 194, 194, 194, 194]","[194, 194, 194, 194, 194, 194, 194, 194]","[0, 0, 0, 0]",cc00,"[204, 0]","[0, 0]",0,62345,4126,0,0,0,0,0,194,0,0,17,0,194,194,0,0,0,0,0,0,0,0,0,0,0,0,13,194,194,cc00,0,194
20,COUNTDOWN,194,194,194,194,194,194,194,cc11,cc05,"[204, 0, 204]",0,"[194, 194, 194, 194, 194, 194, 194, 194, 194]","[194, 194, 194, 194, 194, 194, 194, 194]","[0, 0, 0, 0]",cc00,"[204, 31]","[0, 0]",0,62346,9064,0,0,688,0,690,194,0,0,17,0,195,194,0,0,0,0,0,0,0,0,0,0,0,0,0,194,194,cc00,0,194
21,PROVOKE,195,195,194,195,195,194,194,cc02,cc00,"[204, 0, 204]",0,"[194, 194, 194, 194, 194, 194, 194, 194, 194]","[194, 194, 194, 194, 194, 194, 194, 194]","[0, 0, 0, 0]",cc00,"[204, 30]","[0, 0]",0,62347,4087,4325,0,0,0,0,194,0,0,0,0,194,194,0,0,62947,0,0,0,0,62947,0,0,0,0,15,194,194,cc00,0,194
22,REGENERATE,194,194,195,195,195,194,194,cc11,cc05,"[204, 0, 204]",0,"[194, 194, 194, 194, 194, 194, 194, 194, 194]","[194, 194, 194, 194, 194, 194, 194, 194]","[0, 0, 0, 0]",cc00,"[204, 0]","[0, 0]",0,62348,4089,4295,0,0,0,150,195,0,0,0,0,194,194,0,0,0,0,0,0,0,0,0,0,0,0,200,194,194,cc00,0,194
23,SP_REGENERATE,194,194,195,195,195,194,194,cc11,cc06,"[204, 0, 204]",0,"[194, 194, 194, 194, 194, 194, 194, 194, 194]","[194, 194, 194, 194, 194, 194, 194, 194]","[0, 0, 0, 0]",cc00,"[204, 0]","[0, 0]",0,62349,4094,4296,0,0,0,151,195,0,0,0,0,194,194,0,0,0,0,0,0,0,0,0,0,0,0,201,194,194,cc00,0,194
24,BP_REPAIR,194,194,195,195,195,194,195,cc11,cc07,"[204, 0, 204]",0,"[194, 194, 194, 194, 194, 194, 194, 194, 194]","[194, 194, 194, 194, 194, 194, 194, 194]","[0, 0, 0, 0]",cc00,"[204, 0]","[0, 0]",0,62350,4064,4327,0,0,0,152,195,0,0,0,0,194,194,0,0,0,0,0,0,0,0,0,0,0,0,202,194,194,cc00,0,194
25,SHIELD_REPAIR,194,194,194,194,195,194,194,cc11,cc08,"[204, 0, 204]",0,"[194, 194, 194, 194, 194, 194, 194, 194, 194]","[194, 194, 194, 194, 194, 194, 194, 194]","[0, 0, 0, 0]",cc00,"[204, 0]","[0, 0]",0,62351,9067,9068,0,0,0,151,195,0,0,0,0,194,194,0,0,0,0,0,0,0,0,0,0,0,0,203,194,194,cc00,0,194
26,ROBUST,194,194,195,195,195,194,194,cc02,cc00,"[204, 0, 204]",0,"[194, 194, 194, 194, 194, 194, 194, 194, 194]","[194, 194, 194, 194, 194, 194, 194, 194]","[0, 0, 0, 0]",cc00,"[204, 0]","[0, 0]",0,62352,4072,4293,0,0,0,0,194,0,0,0,0,194,194,0,0,0,0,0,0,0,0,0,0,0,0,204,194,194,cc00,0,194
27,COVERED_TARGET,194,194,195,194,195,194,194,cc02,cc00,"[204, 0, 204]",0,"[194, 194, 194, 194, 194, 194, 194, 194, 194]","[194, 194, 194, 194, 194, 194, 194, 194]","[0, 0, 0, 0]",cc00,"[204, 0]","[0, 0]",0,62353,4154,4294,0,0,0,0,194,0,0,0,0,194,194,0,0,0,0,0,0,0,0,0,0,0,0,205,194,194,cc00,0,194
28,ENHANCED_SKILL,194,194,195,194,194,194,194,cc02,cc00,"[204, 0, 204]",0,"[194, 194, 194, 194, 194, 194, 194, 194, 194]","[194, 194, 194, 194, 194, 194, 194, 194]","[0, 0, 0, 0]",cc00,"[204, 0]","[0, 0]",0,62923,0,0,0,0,0,0,194,0,0,0,0,194,194,0,0,0,0,0,0,0,0,0,0,0,0,0,194,194,cc00,0,194
29,REPEAT_SKILL,194,194,194,194,194,194,194,cc02,cc00,"[204, 0, 204]",0,"[194, 194, 194, 194, 194, 194, 194, 194, 194]","[194, 194, 194, 194, 194, 194, 194, 194]","[0, 0, 0, 0]",cc00,"[204, 0]","[0, 0]",0,62999,0,8394,0,0,0,0,194,0,0,0,0,194,194,0,62999,0,0,0,0,0,0,0,0,0,0,0,194,194,cc00,0,194
33,REMOVE_MINUS,194,194,195,194,194,194,194,cc00,cc00,"[204, 0, 204]",0,"[194, 194, 194, 194, 194, 194, 194, 194, 194]","[194, 194, 194, 194, 194, 194, 194, 194]","[0, 0, 0, 0]",cc00,"[204, 0]","[0, 0]",0,62359,0,0,0,0,0,0,194,0,0,0,0,194,194,0,0,0,0,0,0,0,0,0,0,0,0,0,194,194,cc00,0,194
34,REMOVE_PLUS,194,194,194,194,194,194,194,cc00,cc00,"[204, 0, 204]",0,"[194, 194, 194, 194, 194, 194, 194, 194, 194]","[194, 194, 194, 194, 194, 194, 194, 194]","[0, 0, 0, 0]",cc00,"[204, 0]","[0, 0]",0,62360,0,0,0,0,0,0,194,0,0,0,0,194,194,0,0,0,0,0,0,0,0,0,0,0,0,0,194,194,cc00,0,194
35,REMOVE_ALL,194,194,194,194,194,194,194,cc00,cc00,"[204, 0, 204]",0,"[194, 194, 194, 194, 194, 194, 194, 194, 194]","[194, 194, 194, 194, 194, 194, 194, 194]","[0, 0, 0, 0]",cc00,"[204, 0]","[0, 0]",0,62361,0,0,0,0,0,0,194,0,0,0,0,194,194,0,0,0,0,0,0,0,0,0,0,0,0,0,194,194,cc00,0,194
37,LOCKED_WEAK,194,194,194,194,194,194,194,cc01,cc00,"[204, 0, 204]",0,"[194, 194, 194, 194, 194, 194, 194, 194, 194]","[194, 194, 194, 194, 194, 194, 194, 194]","[0, 0, 0, 0]",cc00,"[204, 0]","[0, 0]",0,62363,0,0,0,0,0,0,194,0,0,0,0,194,194,0,0,0,0,0,0,0,0,0,0,0,0,0,194,194,cc00,0,194
38,UNABLECHANGE,194,194,194,194,195,194,194,cc01,cc00,"[204, 0, 204]",0,"[194, 194, 194, 194, 194, 194, 194, 194, 194]","[194, 194, 194, 194, 194, 194, 194, 194]","[0, 0, 0, 0]",cc00,"[204, 0]","[0, 0]",0,62364,4326,0,0,0,0,0,194,0,0,0,0,194,194,0,0,0,0,0,0,0,0,0,0,0,0,14,194,194,cc00,0,194
39,HEADACHE_FORWARDS,194,194,194,194,194,194,194,cc0e,cc00,"[204, 0, 204]",0,"[194, 194, 194, 194, 194, 194, 194, 194, 194]","[194, 194, 194, 194, 194, 194, 194, 194]","[0, 0, 0, 0]",cc00,"[204, 2]","[0, 0]",18,62365,0,0,0,0,691,0,194,0,0,0,0,194,194,0,0,0,0,0,0,0,0,0,0,0,0,0,194,194,cc00,0,194
40,ENERGYDRAIN_FORWARDS,194,194,194,194,194,194,194,cc0e,cc00,"[204, 0, 204]",0,"[194, 194, 194, 194, 194, 194, 194, 194, 194]","[194, 194, 194, 194, 194, 194, 194, 194]","[0, 0, 0, 0]",cc00,"[204, 2]","[0, 0]",19,62366,0,0,0,0,689,0,194,0,0,0,0,194,194,0,0,0,0,0,0,0,0,0,0,0,0,0,194,194,cc00,0,194
41,COUNTDOWN_FORWARDS,194,194,194,194,194,194,194,cc0e,cc00,"[204, 0, 204]",0,"[194, 194, 194, 194, 194, 194, 194, 194, 194]","[194, 194, 194, 194, 194, 194, 194, 194]","[0, 0, 0, 0]",cc00,"[204, 2]","[0, 0]",20,62367,0,0,0,0,1217,0,194,0,0,0,0,194,194,0,0,0,0,0,0,0,0,0,0,0,0,0,194,194,cc00,0,194
42,ABSORB_MAGIC,194,194,194,194,194,194,194,cc09,cc05,"[204, 0, 204]",0,"[194, 194, 194, 194, 194, 194, 194, 194, 194]","[194, 194, 194, 194, 194, 194, 194, 194]","[0, 0, 0, 0]",cc00,"[204, 2]","[0, 0]",0,62368,0,0,0,0,0,0,194,0,0,0,0,195,195,0,0,0,0,0,0,0,0,0,0,0,0,0,194,194,cc00,0,194
43,DELAYED_SKILL,194,194,194,194,194,194,194,cc11,cc00,"[204, 0, 204]",0,"[194, 194, 194, 194, 194, 194, 194, 194, 194]","[194, 194, 194, 194, 194, 194, 194, 194]","[0, 0, 0, 0]",cc00,"[204, 2]","[0, 0]",0,62369,0,0,0,0,0,0,194,0,0,0,0,195,194,0,0,0,0,0,0,0,0,0,0,0,0,0,194,194,cc00,0,194
50,OFF_BALANCE,194,194,194,194,194,194,194,cc00,cc00,"[204, 0, 204]",0,"[194, 194, 194, 194, 194, 194, 194, 194, 194]","[194, 194, 194, 194, 194, 194, 194, 194]","[0, 0, 0, 0]",cc00,"[204, 0]","[0, 0]",0,0,0,0,0,0,0,0,194,0,0,17,0,194,194,0,0,0,0,0,0,0,0,0,0,0,0,0,194,194,cc00,0,194
51,SHIELD_BREAK,194,194,194,194,194,194,194,cc00,cc00,"[204, 0, 204]",0,"[194, 194, 194, 194, 194, 194, 194, 194, 194]","[194, 194, 194, 194, 194, 194, 194, 194]","[0, 0, 0, 0]",cc00,"[204, 0]","[0, 0]",0,62377,0,0,185,162,0,0,194,0,0,0,0,194,194,0,0,0,0,0,0,0,0,0,0,0,0,0,194,194,cc00,0,194
52,COUNTER_SWORD,194,194,195,195,195,194,194,cc09,cc00,"[204, 0, 204]",0,"[194, 195, 194, 194, 194, 194, 194, 194, 194]","[194, 194, 194, 194, 194, 194, 194, 194]","[0, 0, 0, 0]",cc00,"[204, 1]","[0, 0]",0,62378,4179,0,0,0,0,0,194,0,0,0,0,194,194,0,0,0,0,0,0,0,0,0,0,0,0,900,194,194,cc00,0,194
53,COUNTER_LANCE,194,194,195,195,195,194,194,cc09,cc00,"[204, 0, 204]",0,"[194, 194, 195, 194, 194, 194, 194, 194, 194]","[194, 194, 194, 194, 194, 194, 194, 194]","[0, 0, 0, 0]",cc00,"[204, 1]","[0, 0]",0,62379,4175,0,0,0,0,0,194,0,0,0,0,194,194,0,0,0,0,0,0,0,0,0,0,0,0,903,194,194,cc00,0,194
54,COUNTER_DAGGER,194,194,195,195,195,194,194,cc09,cc00,"[204, 0, 204]",0,"[194, 194, 194, 195, 194, 194, 194, 194, 194]","[194, 194, 194, 194, 194, 194, 194, 194]","[0, 0, 0, 0]",cc00,"[204, 1]","[0, 0]",0,62380,4156,0,0,0,0,0,194,0,0,0,0,194,194,0,0,0,0,0,0,0,0,0,0,0,0,906,194,194,cc00,0,194
55,COUNTER_AXE,194,194,195,195,195,194,194,cc09,cc00,"[204, 0, 204]",0,"[194, 194, 194, 194, 195, 194, 194, 194, 194]","[194, 194, 194, 194, 194, 194, 194, 194]","[0, 0, 0, 0]",cc00,"[204, 1]","[0, 0]",0,62381,4146,0,0,0,0,0,194,0,0,0,0,194,194,0,0,0,0,0,0,0,0,0,0,0,0,909,194,194,cc00,0,194
56,COUNTER_BOW,194,194,195,195,195,194,194,cc09,cc00,"[204, 0, 204]",0,"[194, 194, 194, 194, 194, 195, 194, 194, 194]","[194, 194, 194, 194, 194, 194, 194, 194]","[0, 0, 0, 0]",cc00,"[204, 1]","[0, 0]",0,62382,4141,0,0,0,0,0,194,0,0,0,0,194,194,0,0,0,0,0,0,0,0,0,0,0,0,912,194,194,cc00,0,194
57,COUNTER_ROD,194,194,195,195,195,194,194,cc09,cc00,"[204, 0, 204]",0,"[194, 194, 194, 194, 194, 194, 195, 194, 194]","[194, 194, 194, 194, 194, 194, 194, 194]","[0, 0, 0, 0]",cc00,"[204, 1]","[0, 0]",0,62383,4152,0,0,0,0,0,194,0,0,0,0,194,194,0,0,0,0,0,0,0,0,0,0,0,0,915,194,194,cc00,0,194
58,COUNTER_PAPERS,194,194,195,195,195,194,194,cc09,cc00,"[204, 0, 204]",0,"[194, 194, 194, 194, 194, 194, 194, 195, 194]","[194, 194, 194, 194, 194, 194, 194, 194]","[0, 0, 0, 0]",cc00,"[204, 1]","[0, 0]",0,62384,4149,0,0,0,0,0,194,0,0,0,0,194,194,0,0,0,0,0,0,0,0,0,0,0,0,918,194,194,cc00,0,194
59,COUNTER_FAN,194,194,195,195,195,194,194,cc09,cc00,"[204, 0, 204]",0,"[194, 194, 194, 194, 194, 194, 194, 194, 195]","[194, 194, 194, 194, 194, 194, 194, 194]","[0, 0, 0, 0]",cc00,"[204, 1]","[0, 0]",0,62385,4162,0,0,0,0,0,194,0,0,0,0,194,194,0,0,0,0,0,0,0,0,0,0,0,0,921,194,194,cc00,0,194
60,COUNTER_WEAPON,194,194,195,195,195,194,194,cc09,cc00,"[204, 0, 204]",0,"[194, 195, 195, 195, 195, 195, 195, 195, 195]","[194, 194, 194, 194, 194, 194, 194, 194]","[0, 0, 0, 0]",cc00,"[204, 1]","[0, 0]",0,62386,4143,0,0,0,0,0,194,0,0,0,0,194,194,0,0,0,0,0,0,0,0,0,0,0,0,924,194,194,cc00,0,194
61,COUNTER_FIRE,194,194,195,195,195,194,194,cc09,cc00,"[204, 0, 204]",0,"[194, 194, 194, 194, 194, 194, 194, 194, 194]","[194, 195, 194, 194, 194, 194, 194, 194]","[0, 0, 0, 0]",cc00,"[204, 1]","[0, 0]",0,62387,4165,0,0,0,0,0,194,0,0,0,0,194,194,0,0,0,0,0,0,0,0,0,0,0,0,1000,194,194,cc00,0,194
62,COUNTER_ICE,194,194,195,195,195,194,194,cc09,cc00,"[204, 0, 204]",0,"[194, 194, 194, 194, 194, 194, 194, 194, 194]","[194, 194, 195, 194, 194, 194, 194, 194]","[0, 0, 0, 0]",cc00,"[204, 1]","[0, 0]",0,62388,4168,0,0,0,0,0,194,0,0,0,0,194,194,0,0,0,0,0,0,0,0,0,0,0,0,1003,194,194,cc00,0,194
63,COUNTER_THUNDER,194,194,195,195,195,194,194,cc09,cc00,"[204, 0, 204]",0,"[194, 194, 194, 194, 194, 194, 194, 194, 194]","[194, 194, 194, 195, 194, 194, 194, 194]","[0, 0, 0, 0]",cc00,"[204, 1]","[0, 0]",0,62389,4182,0,0,0,0,0,194,0,0,0,0,194,194,0,0,0,0,0,0,0,0,0,0,0,0,1006,194,194,cc00,0,194
64,COUNTER_WIND,194,194,195,195,195,194,194,cc09,cc00,"[204, 0, 204]",0,"[194, 194, 194, 194, 194, 194, 194, 194, 194]","[194, 194, 194, 194, 195, 194, 194, 194]","[0, 0, 0, 0]",cc00,"[204, 1]","[0, 0]",0,62390,4185,0,0,0,0,0,194,0,0,0,0,194,194,0,0,0,0,0,0,0,0,0,0,0,0,1009,194,194,cc00,0,194
65,COUNTER_LIGHT,194,194,195,195,195,194,194,cc09,cc00,"[204, 0, 204]",0,"[194, 194, 194, 194, 194, 194, 194, 194, 194]","[194, 194, 194, 194, 194, 195, 194, 194]","[0, 0, 0, 0]",cc00,"[204, 1]","[0, 0]",0,62391,4171,0,0,0,0,0,194,0,0,0,0,194,194,0,0,0,0,0,0,0,0,0,0,0,0,1012,194,194,cc00,0,194
66,COUNTER_DARK,194,194,195,195,195,194,194,cc09,cc00,"[204, 0, 204]",0,"[194, 194, 194, 194, 194, 194, 194, 194, 194]","[194, 194, 194, 194, 194, 194, 195, 194]","[0, 0, 0, 0]",cc00,"[204, 1]","[0, 0]",0,62392,4159,0,0,0,0,0,194,0,0,0,0,194,194,0,0,0,0,0,0,0,0,0,0,0,0,1015,194,194,cc00,0,194
67,COUNTER_NAUGHT,194,194,195,195,195,194,194,cc09,cc00,"[204, 0, 204]",0,"[194, 194, 194, 194, 194, 194, 194, 194, 194]","[194, 194, 194, 194, 194, 194, 194, 195]","[0, 0, 0, 0]",cc00,"[204, 1]","[0, 0]",0,62393,4065,0,0,0,0,0,194,0,0,0,0,194,194,0,0,0,0,0,0,0,0,0,0,0,0,1018,194,194,cc00,0,194
68,COUNTER_MAGIC,194,194,195,195,195,194,194,cc09,cc00,"[204, 0, 204]",0,"[194, 194, 194, 194, 194, 194, 194, 194, 194]","[194, 195, 195, 195, 195, 195, 195, 195]","[0, 0, 0, 0]",cc00,"[204, 1]","[0, 0]",0,62394,4173,0,0,0,0,0,194,0,0,0,0,194,194,0,0,0,0,0,0,0,0,0,0,0,0,1021,194,194,cc00,0,194
69,COUNTER_WEAK,194,194,195,195,195,194,194,cc09,cc00,"[204, 0, 204]",0,"[194, 195, 195, 195, 195, 195, 195, 195, 195]","[194, 195, 195, 195, 195, 195, 195, 195]","[0, 0, 0, 0]",cc00,"[204, 1]","[0, 0]",0,62395,8079,0,0,0,0,0,194,0,0,0,0,194,194,0,0,0,0,0,0,0,0,0,0,0,0,1100,194,194,cc00,0,194
70,INTERCEPT_SWORD,194,194,195,195,195,194,194,cc09,cc00,"[204, 0, 204]",0,"[194, 195, 194, 194, 194, 194, 194, 194, 194]","[194, 194, 194, 194, 194, 194, 194, 194]","[0, 0, 0, 0]",cc00,"[204, 1]","[0, 0]",0,62396,4180,0,0,0,0,0,194,0,0,0,0,194,194,0,0,0,0,0,0,0,0,0,0,0,0,901,194,194,cc00,0,194
71,INTERCEPT_LANCE,194,194,195,195,195,194,194,cc09,cc00,"[204, 0, 204]",0,"[194, 194, 195, 194, 194, 194, 194, 194, 194]","[194, 194, 194, 194, 194, 194, 194, 194]","[0, 0, 0, 0]",cc00,"[204, 1]","[0, 0]",0,62397,4176,0,0,0,0,0,194,0,0,0,0,194,194,0,0,0,0,0,0,0,0,0,0,0,0,904,194,194,cc00,0,194
72,INTERCEPT_DAGGER,194,194,195,195,195,194,194,cc09,cc00,"[204, 0, 204]",0,"[194, 194, 194, 195, 194, 194, 194, 194, 194]","[194, 194, 194, 194, 194, 194, 194, 194]","[0, 0, 0, 0]",cc00,"[204, 1]","[0, 0]",0,62398,4157,0,0,0,0,0,194,0,0,0,0,194,194,0,0,0,0,0,0,0,0,0,0,0,0,907,194,194,cc00,0,194
73,INTERCEPT_AXE,194,194,195,195,195,194,194,cc09,cc00,"[204, 0, 204]",0,"[194, 194, 194, 194, 195, 194, 194, 194, 194]","[194, 194, 194, 194, 194, 194, 194, 194]","[0, 0, 0, 0]",cc00,"[204, 1]","[0, 0]",0,62399,4147,0,0,0,0,0,194,0,0,0,0,194,194,0,0,0,0,0,0,0,0,0,0,0,0,910,194,194,cc00,0,194
74,INTERCEPT_BOW,194,194,195,195,195,194,194,cc09,cc00,"[204, 0, 204]",0,"[194, 194, 194, 194, 194, 195, 194, 194, 194]","[194, 194, 194, 194, 194, 194, 194, 194]","[0, 0, 0, 0]",cc00,"[204, 1]","[0, 0]",0,62400,4142,0,0,0,0,0,194,0,0,0,0,194,194,0,0,0,0,0,0,0,0,0,0,0,0,913,194,194,cc00,0,194
75,INTERCEPT_ROD,194,194,195,195,195,194,194,cc09,cc00,"[204, 0, 204]",0,"[194, 194, 194, 194, 194, 194, 195, 194, 194]","[194, 194, 194, 194, 194, 194, 194, 194]","[0, 0, 0, 0]",cc00,"[204, 1]","[0, 0]",0,62401,4153,0,0,0,0,0,194,0,0,0,0,194,194,0,0,0,0,0,0,0,0,0,0,0,0,916,194,194,cc00,0,194
76,INTERCEPT_PAPERS,194,194,195,195,195,194,194,cc09,cc00,"[204, 0, 204]",0,"[194, 194, 194, 194, 194, 194, 194, 195, 194]","[194, 194, 194, 194, 194, 194, 194, 194]","[0, 0, 0, 0]",cc00,"[204, 1]","[0, 0]",0,62402,4150,0,0,0,0,0,194,0,0,0,0,194,194,0,0,0,0,0,0,0,0,0,0,0,0,919,194,194,cc00,0,194
77,INTERCEPT_FAN,194,194,195,195,195,194,194,cc09,cc00,"[204, 0, 204]",0,"[194, 194, 194, 194, 194, 194, 194, 194, 195]","[194, 194, 194, 194, 194, 194, 194, 194]","[0, 0, 0, 0]",cc00,"[204, 1]","[0, 0]",0,62403,4163,0,0,0,0,0,194,0,0,0,0,194,194,0,0,0,0,0,0,0,0,0,0,0,0,922,194,194,cc00,0,194
78,INTERCEPT_WEAPON,194,194,195,195,195,194,194,cc09,cc00,"[204, 0, 204]",0,"[194, 195, 195, 195, 195, 195, 195, 195, 195]","[194, 194, 194, 194, 194, 194, 194, 194]","[0, 0, 0, 0]",cc00,"[204, 1]","[0, 0]",0,62404,4144,8405,0,0,0,0,194,0,0,0,0,194,194,0,0,0,0,0,0,0,0,0,0,0,0,925,194,194,cc00,0,194
79,INTERCEPT_FIRE,194,194,195,195,195,194,194,cc09,cc00,"[204, 0, 204]",0,"[194, 194, 194, 194, 194, 194, 194, 194, 194]","[194, 195, 194, 194, 194, 194, 194, 194]","[0, 0, 0, 0]",cc00,"[204, 1]","[0, 0]",0,62405,4166,0,0,0,0,0,194,0,0,0,0,194,194,0,0,0,0,0,0,0,0,0,0,0,0,1001,194,194,cc00,0,194
80,INTERCEPT_ICE,194,194,195,195,195,194,194,cc09,cc00,"[204, 0, 204]",0,"[194, 194, 194, 194, 194, 194, 194, 194, 194]","[194, 194, 195, 194, 194, 194, 194, 194]","[0, 0, 0, 0]",cc00,"[204, 1]","[0, 0]",0,62406,4169,0,0,0,0,0,194,0,0,0,0,194,194,0,0,0,0,0,0,0,0,0,0,0,0,1004,194,194,cc00,0,194
81,INTERCEPT_THUNDER,194,194,195,195,195,194,194,cc09,cc00,"[204, 0, 204]",0,"[194, 194, 194, 194, 194, 194, 194, 194, 194]","[194, 194, 194, 195, 194, 194, 194, 194]","[0, 0, 0, 0]",cc00,"[204, 1]","[0, 0]",0,62407,4183,0,0,0,0,0,194,0,0,0,0,194,194,0,0,0,0,0,0,0,0,0,0,0,0,1007,194,194,cc00,0,194
82,INTERCEPT_WIND,194,194,195,195,195,194,194,cc09,cc00,"[204, 0, 204]",0,"[194, 194, 194, 194, 194, 194, 194, 194, 194]","[194, 194, 194, 194, 195, 194, 194, 194]","[0, 0, 0, 0]",cc00,"[204, 1]","[0, 0]",0,62408,4186,0,0,0,0,0,194,0,0,0,0,194,194,0,0,0,0,0,0,0,0,0,0,0,0,1010,194,194,cc00,0,194
83,INTERCEPT_LIGHT,194,194,195,195,195,194,194,cc09,cc00,"[204, 0, 204]",0,"[194, 194, 194, 194, 194, 194, 194, 194, 194]","[194, 194, 194, 194, 194, 195, 194, 194]","[0, 0, 0, 0]",cc00,"[204, 1]","[0, 0]",0,62409,4172,0,0,0,0,0,194,0,0,0,0,194,194,0,0,0,0,0,0,0,0,0,0,0,0,1013,194,194,cc00,0,194
84,INTERCEPT_DARK,194,194,195,195,195,194,194,cc09,cc00,"[204, 0, 204]",0,"[194, 194, 194, 194, 194, 194, 194, 194, 194]","[194, 194, 194, 194, 194, 194, 195, 194]","[0, 0, 0, 0]",cc00,"[204, 1]","[0, 0]",0,62410,4160,0,0,0,0,0,194,0,0,0,0,194,194,0,0,0,0,0,0,0,0,0,0,0,0,1016,194,194,cc00,0,194
85,INTERCEPT_NAUGHT,194,194,195,195,195,194,194,cc09,cc00,"[204, 0, 204]",0,"[194, 194, 194, 194, 194, 194, 194, 194, 194]","[194, 194, 194, 194, 194, 194, 194, 195]","[0, 0, 0, 0]",cc00,"[204, 1]","[0, 0]",0,62411,4177,0,0,0,0,0,194,0,0,0,0,194,194,0,0,0,0,0,0,0,0,0,0,0,0,1019,194,194,cc00,0,194
86,INTERCEPT_MAGIC,194,194,195,195,195,194,194,cc09,cc00,"[204, 0, 204]",0,"[194, 194, 194, 194, 194, 194, 194, 194, 194]","[194, 195, 195, 195, 195, 195, 195, 195]","[0, 0, 0, 0]",cc00,"[204, 1]","[0, 0]",0,62412,4177,0,0,0,0,0,194,0,0,0,0,194,194,0,0,0,0,0,0,0,0,0,0,0,0,1022,194,194,cc00,0,194
87,INTERCEPT_WEAK,194,194,195,195,195,194,194,cc09,cc00,"[204, 0, 204]",0,"[194, 195, 195, 195, 195, 195, 195, 195, 195]","[194, 195, 195, 195, 195, 195, 195, 195]","[0, 0, 0, 0]",cc00,"[204, 1]","[0, 0]",0,62413,8081,0,0,0,0,0,194,0,0,0,0,194,194,0,0,0,0,0,0,0,0,0,0,0,0,1101,194,194,cc00,0,194
88,P_INTERCEPT_SWORD,194,194,195,195,195,194,194,cc09,cc00,"[204, 0, 204]",0,"[194, 195, 194, 194, 194, 194, 194, 194, 194]","[194, 194, 194, 194, 194, 194, 194, 194]","[0, 0, 0, 0]",cc00,"[204, 1]","[0, 0]",0,62414,4180,0,0,1219,0,139,194,0,771,0,0,194,194,0,0,0,0,0,0,0,0,0,0,0,0,902,194,194,cc00,0,194
89,P_INTERCEPT_LANCE,194,194,195,195,195,194,194,cc09,cc00,"[204, 0, 204]",0,"[194, 194, 195, 194, 194, 194, 194, 194, 194]","[194, 194, 194, 194, 194, 194, 194, 194]","[0, 0, 0, 0]",cc00,"[204, 1]","[0, 0]",0,62415,4176,0,0,1219,0,139,194,0,771,0,0,194,194,0,0,0,0,0,0,0,0,0,0,0,0,905,194,194,cc00,0,194
90,P_INTERCEPT_DAGGER,194,194,195,195,195,194,194,cc09,cc00,"[204, 0, 204]",0,"[194, 194, 194, 195, 194, 194, 194, 194, 194]","[194, 194, 194, 194, 194, 194, 194, 194]","[0, 0, 0, 0]",cc00,"[204, 1]","[0, 0]",0,62416,4157,0,0,1219,0,139,194,0,771,0,0,194,194,0,0,0,0,0,0,0,0,0,0,0,0,908,194,194,cc00,0,194
91,P_INTERCEPT_AXE,194,194,195,195,195,194,194,cc09,cc00,"[204, 0, 204]",0,"[194, 194, 194, 194, 195, 194, 194, 194, 194]","[194, 194, 194, 194, 194, 194, 194, 194]","[0, 0, 0, 0]",cc00,"[204, 1]","[0, 0]",0,62417,4147,0,0,1219,0,139,194,0,771,0,0,194,194,0,0,0,0,0,0,0,0,0,0,0,0,911,194,194,cc00,0,194
92,P_INTERCEPT_BOW,194,194,195,195,195,194,194,cc09,cc00,"[204, 0, 204]",0,"[194, 194, 194, 194, 194, 195, 194, 194, 194]","[194, 194, 194, 194, 194, 194, 194, 194]","[0, 0, 0, 0]",cc00,"[204, 1]","[0, 0]",0,62418,4142,0,0,1219,0,139,194,0,771,0,0,194,194,0,0,0,0,0,0,0,0,0,0,0,0,914,194,194,cc00,0,194
93,P_INTERCEPT_ROD,194,194,195,195,195,194,194,cc09,cc00,"[204, 0, 204]",0,"[194, 194, 194, 194, 194, 194, 195, 194, 194]","[194, 194, 194, 194, 194, 194, 194, 194]","[0, 0, 0, 0]",cc00,"[204, 1]","[0, 0]",0,62419,4153,0,0,1219,0,139,194,0,771,0,0,194,194,0,0,0,0,0,0,0,0,0,0,0,0,917,194,194,cc00,0,194
94,P_INTERCEPT_PAPERS,194,194,195,195,195,194,194,cc09,cc00,"[204, 0, 204]",0,"[194, 194, 194, 194, 194, 194, 194, 195, 194]","[194, 194, 194, 194, 194, 194, 194, 194]","[0, 0, 0, 0]",cc00,"[204, 1]","[0, 0]",0,62420,4150,0,0,1219,0,139,194,0,771,0,0,194,194,0,0,0,0,0,0,0,0,0,0,0,0,920,194,194,cc00,0,194
95,P_INTERCEPT_FAN,194,194,195,195,195,194,194,cc09,cc00,"[204, 0, 204]",0,"[194, 194, 194, 194, 194, 194, 194, 194, 195]","[194, 194, 194, 194, 194, 194, 194, 194]","[0, 0, 0, 0]",cc00,"[204, 1]","[0, 0]",0,62421,4163,0,0,1219,0,139,194,0,771,0,0,194,194,0,0,0,0,0,0,0,0,0,0,0,0,923,194,194,cc00,0,194
96,P_INTERCEPT_WEAPON,194,194,195,195,195,194,194,cc09,cc00,"[204, 0, 204]",0,"[194, 195, 195, 195, 195, 195, 195, 195, 195]","[194, 194, 194, 194, 194, 194, 194, 194]","[0, 0, 0, 0]",cc00,"[204, 1]","[0, 0]",0,62422,4144,0,0,1219,0,139,194,0,771,0,0,194,194,0,0,0,0,0,0,0,0,0,0,0,0,926,194,194,cc00,0,194
97,P_INTERCEPT_FIRE,194,194,195,195,195,194,194,cc09,cc00,"[204, 0, 204]",0,"[194, 194, 194, 194, 194, 194, 194, 194, 194]","[194, 195, 194, 194, 194, 194, 194, 194]","[0, 0, 0, 0]",cc00,"[204, 1]","[0, 0]",0,62423,4166,0,0,1219,0,139,194,0,771,0,0,194,194,0,0,0,0,0,0,0,0,0,0,0,0,1002,194,194,cc00,0,194
98,P_INTERCEPT_ICE,194,194,195,195,195,194,194,cc09,cc00,"[204, 0, 204]",0,"[194, 194, 194, 194, 194, 194, 194, 194, 194]","[194, 194, 195, 194, 194, 194, 194, 194]","[0, 0, 0, 0]",cc00,"[204, 1]","[0, 0]",0,62424,4169,0,0,1219,0,139,194,0,771,0,0,194,194,0,0,0,0,0,0,0,0,0,0,0,0,1005,194,194,cc00,0,194
99,P_INTERCEPT_THUNDER,194,194,195,195,195,194,194,cc09,cc00,"[204, 0, 204]",0,"[194, 194, 194, 194, 194, 194, 194, 194, 194]","[194, 194, 194, 195, 194, 194, 194, 194]","[0, 0, 0, 0]",cc00,"[204, 1]","[0, 0]",0,62425,4183,0,0,1219,0,139,194,0,771,0,0,194,194,0,0,0,0,0,0,0,0,0,0,0,0,1008,194,194,cc00,0,194
100,P_INTERCEPT_WIND,194,194,195,195,195,194,194,cc09,cc00,"[204, 0, 204]",0,"[194, 194, 194, 194, 194, 194, 194, 194, 194]","[194, 194, 194, 194, 195, 194, 194, 194]","[0, 0, 0, 0]",cc00,"[204, 1]","[0, 0]",0,62426,4186,0,0,1219,0,139,194,0,771,0,0,194,194,0,0,0,0,0,0,0,0,0,0,0,0,1011,194,194,cc00,0,194
101,P_INTERCEPT_LIGHT,194,194,195,195,195,194,194,cc09,cc00,"[204, 0, 204]",0,"[194, 194, 194, 194, 194, 194, 194, 194, 194]","[194, 194, 194, 194, 194, 195, 194, 194]","[0, 0, 0, 0]",cc00,"[204, 1]","[0, 0]",0,62427,4172,0,0,1219,0,139,194,0,771,0,0,194,194,0,0,0,0,0,0,0,0,0,0,0,0,1014,194,194,cc00,0,194
102,P_INTERCEPT_DARK,194,194,195,195,195,194,194,cc09,cc00,"[204, 0, 204]",0,"[194, 194, 194, 194, 194, 194, 194, 194, 194]","[194, 194, 194, 194, 194, 194, 195, 194]","[0, 0, 0, 0]",cc00,"[204, 1]","[0, 0]",0,62428,4160,0,0,1219,0,139,194,0,771,0,0,194,194,0,0,0,0,0,0,0,0,0,0,0,0,1017,194,194,cc00,0,194
103,P_INTERCEPT_NAUGHT,194,194,195,195,195,194,194,cc09,cc00,"[204, 0, 204]",0,"[194, 194, 194, 194, 194, 194, 194, 194, 194]","[194, 194, 194, 194, 194, 194, 194, 195]","[0, 0, 0, 0]",cc00,"[204, 1]","[0, 0]",0,62429,4177,0,0,1219,0,139,194,0,771,0,0,194,194,0,0,0,0,0,0,0,0,0,0,0,0,1020,194,194,cc00,0,194
104,P_INTERCEPT_MAGIC,194,194,195,195,195,194,194,cc09,cc00,"[204, 0, 204]",0,"[194, 194, 194, 194, 194, 194, 194, 194, 194]","[194, 195, 195, 195, 195, 195, 195, 195]","[0, 0, 0, 0]",cc00,"[204, 1]","[0, 0]",0,62430,4177,0,0,1219,0,139,194,0,771,0,0,194,194,0,0,0,0,0,0,0,0,0,0,0,0,1023,194,194,cc00,0,194
105,P_INTERCEPT_WEAK,194,194,195,195,195,194,194,cc09,cc00,"[204, 0, 204]",0,"[194, 195, 195, 195, 195, 195, 195, 195, 195]","[194, 195, 195, 195, 195, 195, 195, 195]","[0, 0, 0, 0]",cc00,"[204, 1]","[0, 0]",0,62431,8081,0,0,1219,0,139,194,0,771,0,0,194,194,0,0,0,0,0,0,0,0,0,0,0,0,1102,194,194,cc00,0,194
106,BUFF_P_ATK,194,194,195,195,195,194,194,cc02,cc09,"[204, 0, 204]",0,"[194, 194, 194, 194, 194, 194, 194, 194, 194]","[194, 194, 194, 194, 194, 194, 194, 194]","[0, 0, 0, 0]",cc00,"[204, 0]","[0, 0]",0,62432,4085,4229,0,0,0,0,194,0,0,0,0,194,194,62948,0,0,0,62945,62945,62946,0,0,62939,62939,62943,300,194,194,cc00,0,194
107,BUFF_P_DEF,194,194,195,195,195,194,194,cc02,cc0a,"[204, 0, 204]",0,"[194, 194, 194, 194, 194, 194, 194, 194, 194]","[194, 194, 194, 194, 194, 194, 194, 194]","[0, 0, 0, 0]",cc00,"[204, 0]","[0, 0]",0,62433,4086,4230,0,0,0,0,194,0,0,0,0,194,194,62949,0,0,0,62945,62945,62946,0,0,62939,62939,62943,302,194,194,cc00,0,194
108,BUFF_M_ATK,194,194,195,195,195,194,194,cc02,cc0b,"[204, 0, 204]",0,"[194, 194, 194, 194, 194, 194, 194, 194, 194]","[194, 194, 194, 194, 194, 194, 194, 194]","[0, 0, 0, 0]",cc00,"[204, 0]","[0, 0]",0,62434,4079,4231,0,0,0,0,194,0,0,0,0,194,194,62950,0,0,0,62945,62945,62946,0,0,62939,62939,62943,304,194,194,cc00,0,194
109,BUFF_M_DEF,194,194,195,195,195,194,194,cc02,cc0c,"[204, 0, 204]",0,"[194, 194, 194, 194, 194, 194, 194, 194, 194]","[194, 194, 194, 194, 194, 194, 194, 194]","[0, 0, 0, 0]",cc00,"[204, 0]","[0, 0]",0,62435,4083,4232,0,0,0,0,194,0,0,0,0,194,194,62951,0,0,0,62945,62945,62946,0,0,62939,62939,62943,306,194,194,cc00,0,194
110,BUFF_X_AGI,194,194,195,195,195,194,194,cc02,cc0d,"[204, 0, 204]",0,"[194, 194, 194, 194, 194, 194, 194, 194, 194]","[194, 194, 194, 194, 194, 194, 194, 194]","[0, 0, 0, 0]",cc00,"[204, 0]","[0, 0]",0,62436,4093,4234,0,0,0,0,194,0,0,0,0,194,194,62952,0,0,0,62945,62945,62946,0,0,62939,62939,62943,308,194,194,cc00,0,194
111,BUFF_X_CRT,194,194,195,195,195,194,194,cc02,cc0e,"[204, 0, 204]",0,"[194, 194, 194, 194, 194, 194, 194, 194, 194]","[194, 194, 194, 194, 194, 194, 194, 194]","[0, 0, 0, 0]",cc00,"[204, 0]","[0, 0]",0,62437,4066,4233,0,0,0,0,194,0,0,0,0,194,194,62953,0,0,0,62945,62945,64005,0,0,62939,62939,64005,310,194,194,cc00,0,194
112,BUFF_B_ATK,194,194,195,195,195,194,194,cc02,cc0f,"[204, 0, 204]",0,"[194, 194, 194, 194, 194, 194, 194, 194, 194]","[194, 194, 194, 194, 194, 194, 194, 194]","[0, 0, 0, 0]",cc00,"[204, 0]","[0, 0]",0,62438,0,0,0,0,0,0,194,0,0,0,0,194,194,0,0,0,0,0,0,0,0,0,0,0,0,0,194,194,cc00,0,194
113,BUFF_M_SLD,194,194,194,194,194,194,194,cc02,cc04,"[204, 0, 204]",0,"[194, 194, 194, 194, 194, 194, 194, 194, 194]","[194, 194, 194, 194, 194, 194, 194, 194]","[0, 0, 0, 0]",cc00,"[204, 0]","[0, 0]",0,62439,0,0,0,0,0,0,194,0,0,0,0,194,194,0,0,0,0,0,0,0,0,0,0,0,0,0,194,194,cc00,0,194
121,INCREASE_ACTION,194,194,195,195,195,194,194,cc01,cc00,"[204, 0, 204]",0,"[194, 194, 194, 194, 194, 194, 194, 194, 194]","[194, 194, 194, 194, 194, 194, 194, 194]","[0, 0, 0, 0]",cc00,"[204, 0]","[0, 0]",0,0,0,0,0,0,0,0,194,0,0,0,0,194,194,0,0,0,0,0,0,0,0,0,0,0,0,0,194,194,cc00,0,194
122,DEBUFF_P_ATK,194,195,194,195,195,194,194,cc02,cc09,"[204, 0, 204]",0,"[194, 194, 194, 194, 194, 194, 194, 194, 194]","[194, 194, 194, 194, 194, 194, 194, 194]","[0, 0, 0, 0]",cc00,"[204, 0]","[0, 0]",0,62448,4054,4297,0,0,0,0,194,0,0,0,0,194,194,62948,0,0,0,62945,62945,62946,0,0,62942,62942,62944,301,194,194,cc00,0,194
123,DEBUFF_P_DEF,194,195,194,195,195,194,194,cc02,cc0a,"[204, 0, 204]",0,"[194, 194, 194, 194, 194, 194, 194, 194, 194]","[194, 194, 194, 194, 194, 194, 194, 194]","[0, 0, 0, 0]",cc00,"[204, 0]","[0, 0]",0,62449,4055,4298,0,0,0,0,194,0,0,0,0,194,194,62949,0,0,0,62945,62945,62946,0,0,62942,62942,62944,303,194,194,cc00,0,194
124,DEBUFF_M_ATK,194,195,194,195,195,194,194,cc02,cc0b,"[204, 0, 204]",0,"[194, 194, 194, 194, 194, 194, 194, 194, 194]","[194, 194, 194, 194, 194, 194, 194, 194]","[0, 0, 0, 0]",cc00,"[204, 0]","[0, 0]",0,62450,4051,4299,0,0,0,0,194,0,0,0,0,194,194,62950,0,0,0,62945,62945,62946,0,0,62942,62942,62944,305,194,194,cc00,0,194
125,DEBUFF_M_DEF,194,195,194,195,195,194,194,cc02,cc0c,"[204, 0, 204]",0,"[194, 194, 194, 194, 194, 194, 194, 194, 194]","[194, 194, 194, 194, 194, 194, 194, 194]","[0, 0, 0, 0]",cc00,"[204, 0]","[0, 0]",0,62451,4052,4300,0,0,0,0,194,0,0,0,0,194,194,62951,0,0,0,62945,62945,62946,0,0,62942,62942,62944,307,194,194,cc00,0,194
126,DEBUFF_X_AGI,194,195,194,195,195,194,194,cc02,cc0d,"[204, 0, 204]",0,"[194, 194, 194, 194, 194, 194, 194, 194, 194]","[194, 194, 194, 194, 194, 194, 194, 194]","[0, 0, 0, 0]",cc00,"[204, 0]","[0, 0]",0,62452,4059,4302,0,0,0,0,194,0,0,0,0,194,194,62952,0,0,0,62945,62945,62946,0,0,62942,62942,62944,309,194,194,cc00,0,194
127,DEBUFF_X_CRT,194,195,194,195,195,194,194,cc02,cc0e,"[204, 0, 204]",0,"[194, 194, 194, 194, 194, 194, 194, 194, 194]","[194, 194, 194, 194, 194, 194, 194, 194]","[0, 0, 0, 0]",cc00,"[204, 0]","[0, 0]",0,62453,4045,4301,0,0,0,0,194,0,0,0,0,194,194,62953,0,0,0,62945,62945,62946,0,0,62942,62942,62944,311,194,194,cc00,0,194
128,DEBUFF_B_ATK,194,195,194,195,195,194,194,cc02,cc0f,"[204, 0, 204]",0,"[194, 194, 194, 194, 194, 194, 194, 194, 194]","[194, 194, 194, 194, 194, 194, 194, 194]","[0, 0, 0, 0]",cc00,"[204, 0]","[0, 0]",0,62454,0,0,0,0,0,0,194,0,0,0,0,194,194,0,0,0,0,0,0,0,0,0,0,0,0,0,194,194,cc00,0,194
138,BUFF_SWORD,194,194,195,195,195,194,194,cc02,cc00,"[204, 0, 204]",0,"[194, 195, 194, 194, 194, 194, 194, 194, 194]","[194, 194, 194, 194, 194, 194, 194, 194]","[0, 0, 0, 0]",cc00,"[204, 0]","[0, 0]",0,62464,4206,4235,0,0,0,0,194,0,0,0,0,194,194,62990,0,0,0,62945,62945,64058,0,0,62939,62939,64058,500,194,194,cc00,0,194
139,BUFF_LANCE,194,194,195,195,195,194,194,cc02,cc00,"[204, 0, 204]",0,"[194, 194, 195, 194, 194, 194, 194, 194, 194]","[194, 194, 194, 194, 194, 194, 194, 194]","[0, 0, 0, 0]",cc00,"[204, 0]","[0, 0]",0,62465,4209,4238,0,0,0,0,194,0,0,0,0,194,194,62991,0,0,0,62945,62945,64058,0,0,62939,62939,64058,502,194,194,cc00,0,194
140,BUFF_DAGGER,194,194,195,195,195,194,194,cc02,cc00,"[204, 0, 204]",0,"[194, 194, 194, 195, 194, 194, 194, 194, 194]","[194, 194, 194, 194, 194, 194, 194, 194]","[0, 0, 0, 0]",cc00,"[204, 0]","[0, 0]",0,62466,4208,4237,0,0,0,0,194,0,0,0,0,194,194,62992,0,0,0,62945,62945,64058,0,0,62939,62939,64058,504,194,194,cc00,0,194
141,BUFF_AXE,194,194,195,195,195,194,194,cc02,cc00,"[204, 0, 204]",0,"[194, 194, 194, 194, 195, 194, 194, 194, 194]","[194, 194, 194, 194, 194, 194, 194, 194]","[0, 0, 0, 0]",cc00,"[204, 0]","[0, 0]",0,62467,4207,4236,0,0,0,0,194,0,0,0,0,194,194,62993,0,0,0,62945,62945,64058,0,0,62939,62939,64058,506,194,194,cc00,0,194
142,BUFF_BOW,194,194,195,195,195,194,194,cc02,cc00,"[204, 0, 204]",0,"[194, 194, 194, 194, 194, 195, 194, 194, 194]","[194, 194, 194, 194, 194, 194, 194, 194]","[0, 0, 0, 0]",cc00,"[204, 0]","[0, 0]",0,62468,4211,4240,0,0,0,0,194,0,0,0,0,194,194,62994,0,0,0,62945,62945,64058,0,0,62939,62939,64058,508,194,194,cc00,0,194
143,BUFF_ROD,194,194,195,195,195,194,194,cc02,cc00,"[204, 0, 204]",0,"[194, 194, 194, 194, 194, 194, 195, 194, 194]","[194, 194, 194, 194, 194, 194, 194, 194]","[0, 0, 0, 0]",cc00,"[204, 0]","[0, 0]",0,62469,4210,4239,0,0,0,0,194,0,0,0,0,194,194,62995,0,0,0,62945,62945,64058,0,0,62939,62939,64058,510,194,194,cc00,0,194
144,BUFF_BOOK,194,194,195,195,195,194,194,cc02,cc00,"[204, 0, 204]",0,"[194, 194, 194, 194, 194, 194, 194, 195, 194]","[194, 194, 194, 194, 194, 194, 194, 194]","[0, 0, 0, 0]",cc00,"[204, 0]","[0, 0]",0,62470,4213,4242,0,0,0,0,194,0,0,0,0,194,194,62996,0,0,0,62945,62945,64058,0,0,62939,62939,64058,512,194,194,cc00,0,194
145,BUFF_FAN,194,194,195,195,195,194,194,cc02,cc00,"[204, 0, 204]",0,"[194, 194, 194, 194, 194, 194, 194, 194, 195]","[194, 194, 194, 194, 194, 194, 194, 194]","[0, 0, 0, 0]",cc00,"[204, 0]","[0, 0]",0,62471,4212,4241,0,0,0,0,194,0,0,0,0,194,194,62997,0,0,0,62945,62945,64058,0,0,62939,62939,64058,514,194,194,cc00,0,194
146,DEBUFF_SWORD,194,195,194,195,195,194,194,cc02,cc00,"[204, 0, 204]",0,"[194, 195, 194, 194, 194, 194, 194, 194, 194]","[194, 194, 194, 194, 194, 194, 194, 194]","[0, 0, 0, 0]",cc00,"[204, 0]","[0, 0]",0,62472,4220,4303,0,0,0,0,194,0,0,0,0,194,194,62990,0,0,0,62945,62945,62945,0,0,62942,62942,62942,501,194,194,cc00,0,194
147,DEBUFF_LANCE,194,195,194,195,195,194,194,cc02,cc00,"[204, 0, 204]",0,"[194, 194, 195, 194, 194, 194, 194, 194, 194]","[194, 194, 194, 194, 194, 194, 194, 194]","[0, 0, 0, 0]",cc00,"[204, 0]","[0, 0]",0,62473,4223,4306,0,0,0,0,194,0,0,0,0,194,194,62991,0,0,0,62945,62945,62945,0,0,62942,62942,62942,503,194,194,cc00,0,194
148,DEBUFF_DAGGER,194,195,194,195,195,194,194,cc02,cc00,"[204, 0, 204]",0,"[194, 194, 194, 195, 194, 194, 194, 194, 194]","[194, 194, 194, 194, 194, 194, 194, 194]","[0, 0, 0, 0]",cc00,"[204, 0]","[0, 0]",0,62474,4222,4305,0,0,0,0,194,0,0,0,0,194,194,62992,0,0,0,62945,62945,62945,0,0,62942,62942,62942,505,194,194,cc00,0,194
149,DEBUFF_AXE,194,195,194,195,195,194,194,cc02,cc00,"[204, 0, 204]",0,"[194, 194, 194, 194, 195, 194, 194, 194, 194]","[194, 194, 194, 194, 194, 194, 194, 194]","[0, 0, 0, 0]",cc00,"[204, 0]","[0, 0]",0,62475,4221,4304,0,0,0,0,194,0,0,0,0,194,194,62993,0,0,0,62945,62945,62945,0,0,62942,62942,62942,507,194,194,cc00,0,194
150,DEBUFF_BOW,194,195,194,195,195,194,194,cc02,cc00,"[204, 0, 204]",0,"[194, 194, 194, 194, 194, 195, 194, 194, 194]","[194, 194, 194, 194, 194, 194, 194, 194]","[0, 0, 0, 0]",cc00,"[204, 0]","[0, 0]",0,62476,4225,4308,0,0,0,0,194,0,0,0,0,194,194,62994,0,0,0,62945,62945,62945,0,0,62942,62942,62942,509,194,194,cc00,0,194
151,DEBUFF_ROD,194,195,194,195,195,194,194,cc02,cc00,"[204, 0, 204]",0,"[194, 194, 194, 194, 194, 194, 195, 194, 194]","[194, 194, 194, 194, 194, 194, 194, 194]","[0, 0, 0, 0]",cc00,"[204, 0]","[0, 0]",0,62477,4224,4307,0,0,0,0,194,0,0,0,0,194,194,62995,0,0,0,62945,62945,62945,0,0,62942,62942,62942,511,194,194,cc00,0,194
152,DEBUFF_BOOK,194,195,194,195,195,194,194,cc02,cc00,"[204, 0, 204]",0,"[194, 194, 194, 194, 194, 194, 194, 195, 194]","[194, 194, 194, 194, 194, 194, 194, 194]","[0, 0, 0, 0]",cc00,"[204, 0]","[0, 0]",0,62478,4227,4309,0,0,0,0,194,0,0,0,0,194,194,62996,0,0,0,62945,62945,62945,0,0,62942,62942,62942,513,194,194,cc00,0,194
153,DEBUFF_FAN,194,195,194,195,195,194,194,cc02,cc00,"[204, 0, 204]",0,"[194, 194, 194, 194, 194, 194, 194, 194, 195]","[194, 194, 194, 194, 194, 194, 194, 194]","[0, 0, 0, 0]",cc00,"[204, 0]","[0, 0]",0,62479,4226,4310,0,0,0,0,194,0,0,0,0,194,194,62997,0,0,0,62945,62945,62945,0,0,62942,62942,62942,515,194,194,cc00,0,194
154,BUFF_FIRE,194,194,195,195,195,194,194,cc02,cc00,"[204, 0, 204]",0,"[194, 194, 194, 194, 194, 194, 194, 194, 194]","[194, 195, 194, 194, 194, 194, 194, 194]","[0, 0, 0, 0]",cc00,"[204, 0]","[0, 0]",0,62480,4200,4243,0,0,0,0,194,0,0,0,0,194,194,62963,0,0,0,62945,62945,64058,0,0,62939,62939,64058,700,194,194,cc00,0,194
155,BUFF_ICE,194,194,195,195,195,194,194,cc02,cc00,"[204, 0, 204]",0,"[194, 194, 194, 194, 194, 194, 194, 194, 194]","[194, 194, 195, 194, 194, 194, 194, 194]","[0, 0, 0, 0]",cc00,"[204, 0]","[0, 0]",0,62481,4201,4244,0,0,0,0,194,0,0,0,0,194,194,62964,0,0,0,62945,62945,64058,0,0,62939,62939,64058,702,194,194,cc00,0,194
156,BUFF_THUNDER,194,194,195,195,195,194,194,cc02,cc00,"[204, 0, 204]",0,"[194, 194, 194, 194, 194, 194, 194, 194, 194]","[194, 194, 194, 195, 194, 194, 194, 194]","[0, 0, 0, 0]",cc00,"[204, 0]","[0, 0]",0,62482,4202,4245,0,0,0,0,194,0,0,0,0,194,194,62965,0,0,0,62945,62945,64058,0,0,62939,62939,64058,704,194,194,cc00,0,194
157,BUFF_WIND,194,194,195,195,195,194,194,cc02,cc00,"[204, 0, 204]",0,"[194, 194, 194, 194, 194, 194, 194, 194, 194]","[194, 194, 194, 194, 195, 194, 194, 194]","[0, 0, 0, 0]",cc00,"[204, 0]","[0, 0]",0,62483,4203,4246,0,0,0,0,194,0,0,0,0,194,194,62966,0,0,0,62945,62945,64058,0,0,62939,62939,64058,706,194,194,cc00,0,194
158,BUFF_LIGHT,194,194,195,195,195,194,194,cc02,cc00,"[204, 0, 204]",0,"[194, 194, 194, 194, 194, 194, 194, 194, 194]","[194, 194, 194, 194, 194, 195, 194, 194]","[0, 0, 0, 0]",cc00,"[204, 0]","[0, 0]",0,62484,4204,4247,0,0,0,0,194,0,0,0,0,194,194,62967,0,0,0,62945,62945,64058,0,0,62939,62939,64058,708,194,194,cc00,0,194
159,BUFF_DARK,194,194,195,195,195,194,194,cc02,cc00,"[204, 0, 204]",0,"[194, 194, 194, 194, 194, 194, 194, 194, 194]","[194, 194, 194, 194, 194, 194, 195, 194]","[0, 0, 0, 0]",cc00,"[204, 0]","[0, 0]",0,62485,4205,4248,0,0,0,0,194,0,0,0,0,194,194,62968,0,0,0,62945,62945,64058,0,0,62939,62939,64058,710,194,194,cc00,0,194
160,BUFF_NAUGHT,194,194,195,195,195,194,194,cc02,cc00,"[204, 0, 204]",0,"[194, 194, 194, 194, 194, 194, 194, 194, 194]","[194, 194, 194, 194, 194, 194, 194, 195]","[0, 0, 0, 0]",cc00,"[204, 0]","[0, 0]",0,62486,0,0,0,0,0,0,194,0,0,0,0,194,194,0,0,0,0,0,0,0,0,0,0,0,0,0,194,194,cc00,0,194
161,DEBUFF_FIRE,194,195,194,195,195,194,194,cc02,cc00,"[204, 0, 204]",0,"[194, 194, 194, 194, 194, 194, 194, 194, 194]","[194, 195, 194, 194, 194, 194, 194, 194]","[0, 0, 0, 0]",cc00,"[204, 0]","[0, 0]",0,62487,4214,4311,0,0,0,0,194,0,0,0,0,194,194,62963,0,0,0,62945,62945,62945,0,0,62942,62942,62942,701,194,194,cc00,0,194
162,DEBUFF_ICE,194,195,194,195,195,194,194,cc02,cc00,"[204, 0, 204]",0,"[194, 194, 194, 194, 194, 194, 194, 194, 194]","[194, 194, 195, 194, 194, 194, 194, 194]","[0, 0, 0, 0]",cc00,"[204, 0]","[0, 0]",0,62488,4215,4312,0,0,0,0,194,0,0,0,0,194,194,62964,0,0,0,62945,62945,62945,0,0,62942,62942,62942,703,194,194,cc00,0,194
163,DEBUFF_THUNDER,194,195,194,195,195,194,194,cc02,cc00,"[204, 0, 204]",0,"[194, 194, 194, 194, 194, 194, 194, 194, 194]","[194, 194, 194, 195, 194, 194, 194, 194]","[0, 0, 0, 0]",cc00,"[204, 0]","[0, 0]",0,62489,4216,4313,0,0,0,0,194,0,0,0,0,194,194,62965,0,0,0,62945,62945,62945,0,0,62942,62942,62942,705,194,194,cc00,0,194
164,DEBUFF_WIND,194,195,194,195,195,194,194,cc02,cc00,"[204, 0, 204]",0,"[194, 194, 194, 194, 194, 194, 194, 194, 194]","[194, 194, 194, 194, 195, 194, 194, 194]","[0, 0, 0, 0]",cc00,"[204, 0]","[0, 0]",0,62490,4217,4314,0,0,0,0,194,0,0,0,0,194,194,62966,0,0,0,62945,62945,62945,0,0,62942,62942,62942,707,194,194,cc00,0,194
165,DEBUFF_LIGHT,194,195,194,195,195,194,194,cc02,cc00,"[204, 0, 204]",0,"[194, 194, 194, 194, 194, 194, 194, 194, 194]","[194, 194, 194, 194, 194, 195, 194, 194]","[0, 0, 0, 0]",cc00,"[204, 0]","[0, 0]",0,62491,4218,4315,0,0,0,0,194,0,0,0,0,194,194,62967,0,0,0,62945,62945,62945,0,0,62942,62942,62942,709,194,194,cc00,0,194
166,DEBUFF_DARK,194,195,194,195,195,194,194,cc02,cc00,"[204, 0, 204]",0,"[194, 194, 194, 194, 194, 194, 194, 194, 194]","[194, 194, 194, 194, 194, 194, 195, 194]","[0, 0, 0, 0]",cc00,"[204, 0]","[0, 0]",0,62492,4219,4316,0,0,0,0,194,0,0,0,0,194,194,62968,0,0,0,62945,62945,62945,0,0,62942,62942,62942,711,194,194,cc00,0,194
167,DEBUFF_NAUGHT,194,195,194,195,195,194,194,cc02,cc00,"[204, 0, 204]",0,"[194, 194, 194, 194, 194, 194, 194, 194, 194]","[194, 194, 194, 194, 194, 194, 194, 195]","[0, 0, 0, 0]",cc00,"[204, 0]","[0, 0]",0,62493,0,0,0,0,0,0,194,0,0,0,0,194,194,0,0,0,0,0,0,0,0,0,0,0,0,0,194,194,cc00,0,194
168,BUFF_ATK_SWORD,194,194,195,195,195,194,194,cc02,cc00,"[204, 0, 204]",5,"[194, 195, 194, 194, 194, 194, 194, 194, 194]","[194, 194, 194, 194, 194, 194, 194, 194]","[0, 0, 0, 0]",cc00,"[204, 0]","[0, 0]",0,62494,4178,4249,0,0,0,0,194,0,0,0,0,194,194,62970,0,0,0,62945,62945,62946,0,0,62939,62939,62943,400,194,194,cc00,0,194
169,BUFF_ATK_LANCE,194,194,195,195,195,194,194,cc02,cc00,"[204, 0, 204]",5,"[194, 194, 195, 194, 194, 194, 194, 194, 194]","[194, 194, 194, 194, 194, 194, 194, 194]","[0, 0, 0, 0]",cc00,"[204, 0]","[0, 0]",0,62495,4174,4251,0,0,0,0,194,0,0,0,0,194,194,62971,0,0,0,62945,62945,62946,0,0,62939,62939,62943,402,194,194,cc00,0,194
170,BUFF_ATK_DAGGER,194,194,195,195,195,194,194,cc02,cc00,"[204, 0, 204]",5,"[194, 194, 194, 195, 194, 194, 194, 194, 194]","[194, 194, 194, 194, 194, 194, 194, 194]","[0, 0, 0, 0]",cc00,"[204, 0]","[0, 0]",0,62496,4155,4250,0,0,0,0,194,0,0,0,0,194,194,62972,0,0,0,62945,62945,62946,0,0,62939,62939,62943,404,194,194,cc00,0,194
171,BUFF_ATK_AXE,194,194,195,195,195,194,194,cc02,cc00,"[204, 0, 204]",5,"[194, 194, 194, 194, 195, 194, 194, 194, 194]","[194, 194, 194, 194, 194, 194, 194, 194]","[0, 0, 0, 0]",cc00,"[204, 0]","[0, 0]",0,62497,4145,4252,0,0,0,0,194,0,0,0,0,194,194,62973,0,0,0,62945,62945,62946,0,0,62939,62939,62943,406,194,194,cc00,0,194
172,BUFF_ATK_BOW,194,194,195,195,195,194,194,cc02,cc00,"[204, 0, 204]",5,"[194, 194, 194, 194, 194, 195, 194, 194, 194]","[194, 194, 194, 194, 194, 194, 194, 194]","[0, 0, 0, 0]",cc00,"[204, 0]","[0, 0]",0,62498,4140,4253,0,0,0,0,194,0,0,0,0,194,194,62974,0,0,0,62945,62945,62946,0,0,62939,62939,62943,408,194,194,cc00,0,194
173,BUFF_ATK_ROD,194,194,195,195,195,194,194,cc02,cc00,"[204, 0, 204]",5,"[194, 194, 194, 194, 194, 194, 195, 194, 194]","[194, 194, 194, 194, 194, 194, 194, 194]","[0, 0, 0, 0]",cc00,"[204, 0]","[0, 0]",0,62499,4151,4254,0,0,0,0,194,0,0,0,0,194,194,62975,0,0,0,62945,62945,62946,0,0,62939,62939,62943,410,194,194,cc00,0,194
174,BUFF_ATK_BOOK,194,194,195,195,195,194,194,cc02,cc00,"[204, 0, 204]",5,"[194, 194, 194, 194, 194, 194, 194, 195, 194]","[194, 194, 194, 194, 194, 194, 194, 194]","[0, 0, 0, 0]",cc00,"[204, 0]","[0, 0]",0,62500,4148,4255,0,0,0,0,194,0,0,0,0,194,194,62976,0,0,0,62945,62945,62946,0,0,62939,62939,62943,412,194,194,cc00,0,194
175,BUFF_ATK_FAN,194,194,195,195,195,194,194,cc02,cc00,"[204, 0, 204]",5,"[194, 194, 194, 194, 194, 194, 194, 194, 195]","[194, 194, 194, 194, 194, 194, 194, 194]","[0, 0, 0, 0]",cc00,"[204, 0]","[0, 0]",0,62501,4161,4256,0,0,0,0,194,0,0,0,0,194,194,62977,0,0,0,62945,62945,62946,0,0,62939,62939,62943,414,194,194,cc00,0,194
176,BUFF_ATK_FIRE,194,194,195,195,195,194,194,cc02,cc00,"[204, 0, 204]",5,"[194, 194, 194, 194, 194, 194, 194, 194, 194]","[194, 195, 194, 194, 194, 194, 194, 194]","[0, 0, 0, 0]",cc00,"[204, 0]","[0, 0]",0,62502,4071,4257,0,0,0,0,194,0,0,0,0,194,194,62978,0,0,0,62945,62945,62946,0,0,62939,62939,62943,600,194,194,cc00,0,194
177,BUFF_ATK_ICE,194,194,195,195,195,194,194,cc02,cc00,"[204, 0, 204]",5,"[194, 194, 194, 194, 194, 194, 194, 194, 194]","[194, 194, 195, 194, 194, 194, 194, 194]","[0, 0, 0, 0]",cc00,"[204, 0]","[0, 0]",0,62503,4075,4258,0,0,0,0,194,0,0,0,0,194,194,62979,0,0,0,62945,62945,62946,0,0,62939,62939,62943,602,194,194,cc00,0,194
178,BUFF_ATK_THUNDER,194,194,195,195,195,194,194,cc02,cc00,"[204, 0, 204]",5,"[194, 194, 194, 194, 194, 194, 194, 194, 194]","[194, 194, 194, 195, 194, 194, 194, 194]","[0, 0, 0, 0]",cc00,"[204, 0]","[0, 0]",0,62504,4095,4259,0,0,0,0,194,0,0,0,0,194,194,62980,0,0,0,62945,62945,62946,0,0,62939,62939,62943,604,194,194,cc00,0,194
179,BUFF_ATK_WIND,194,194,195,195,195,194,194,cc02,cc00,"[204, 0, 204]",5,"[194, 194, 194, 194, 194, 194, 194, 194, 194]","[194, 194, 194, 194, 195, 194, 194, 194]","[0, 0, 0, 0]",cc00,"[204, 0]","[0, 0]",0,62505,4096,4260,0,0,0,0,194,0,0,0,0,194,194,62981,0,0,0,62945,62945,62946,0,0,62939,62939,62943,606,194,194,cc00,0,194
180,BUFF_ATK_LIGHT,194,194,195,195,195,194,194,cc02,cc00,"[204, 0, 204]",5,"[194, 194, 194, 194, 194, 194, 194, 194, 194]","[194, 194, 194, 194, 194, 195, 194, 194]","[0, 0, 0, 0]",cc00,"[204, 0]","[0, 0]",0,62506,4078,4261,0,0,0,0,194,0,0,0,0,194,194,62982,0,0,0,62945,62945,62946,0,0,62939,62939,62943,608,194,194,cc00,0,194
181,BUFF_ATK_DARK,194,194,195,195,195,194,194,cc02,cc00,"[204, 0, 204]",5,"[194, 194, 194, 194, 194, 194, 194, 194, 194]","[194, 194, 194, 194, 194, 194, 195, 194]","[0, 0, 0, 0]",cc00,"[204, 0]","[0, 0]",0,62507,4068,4262,0,0,0,0,194,0,0,0,0,194,194,62983,0,0,0,62945,62945,62946,0,0,62939,62939,62943,610,194,194,cc00,0,194
182,BUFF_ATK_NAUGHT,194,194,195,195,195,194,194,cc02,cc00,"[204, 0, 204]",5,"[194, 194, 194, 194, 194, 194, 194, 194, 194]","[194, 194, 194, 194, 194, 194, 194, 195]","[0, 0, 0, 0]",cc00,"[204, 0]","[0, 0]",0,62508,0,0,0,0,0,0,194,0,0,0,0,194,194,0,0,0,0,0,0,0,0,0,0,0,0,0,194,194,cc00,0,194
183,DEBUFF_ATK_SWORD,194,195,194,195,195,194,194,cc02,cc00,"[204, 0, 204]",6,"[194, 195, 194, 194, 194, 194, 194, 194, 194]","[194, 194, 194, 194, 194, 194, 194, 194]","[0, 0, 0, 0]",cc00,"[204, 0]","[0, 0]",0,62509,4136,0,0,0,0,0,194,0,0,0,0,194,194,62970,0,0,0,62945,62945,62946,0,0,62942,62942,62944,401,194,194,cc00,0,194
184,DEBUFF_ATK_LANCE,194,195,194,195,195,194,194,cc02,cc00,"[204, 0, 204]",6,"[194, 194, 195, 194, 194, 194, 194, 194, 194]","[194, 194, 194, 194, 194, 194, 194, 194]","[0, 0, 0, 0]",cc00,"[204, 0]","[0, 0]",0,62510,4135,0,0,0,0,0,194,0,0,0,0,194,194,62971,0,0,0,62945,62945,62946,0,0,62942,62942,62944,403,194,194,cc00,0,194
185,DEBUFF_ATK_DAGGER,194,195,194,195,195,194,194,cc02,cc00,"[204, 0, 204]",6,"[194, 194, 194, 195, 194, 194, 194, 194, 194]","[194, 194, 194, 194, 194, 194, 194, 194]","[0, 0, 0, 0]",cc00,"[204, 0]","[0, 0]",0,62511,4128,0,0,0,0,0,194,0,0,0,0,194,194,62972,0,0,0,62945,62945,62946,0,0,62942,62942,62944,405,194,194,cc00,0,194
186,DEBUFF_ATK_AXE,194,195,194,195,195,194,194,cc02,cc00,"[204, 0, 204]",6,"[194, 194, 194, 194, 195, 194, 194, 194, 194]","[194, 194, 194, 194, 194, 194, 194, 194]","[0, 0, 0, 0]",cc00,"[204, 0]","[0, 0]",0,62512,4123,0,0,0,0,0,194,0,0,0,0,194,194,62973,0,0,0,62945,62945,62946,0,0,62942,62942,62944,407,194,194,cc00,0,194
187,DEBUFF_ATK_BOW,194,195,194,195,195,194,194,cc02,cc00,"[204, 0, 204]",6,"[194, 194, 194, 194, 194, 195, 194, 194, 194]","[194, 194, 194, 194, 194, 194, 194, 194]","[0, 0, 0, 0]",cc00,"[204, 0]","[0, 0]",0,62513,4122,0,0,0,0,0,194,0,0,0,0,194,194,62974,0,0,0,62945,62945,62946,0,0,62942,62942,62944,409,194,194,cc00,0,194
188,DEBUFF_ATK_ROD,194,195,194,195,195,194,194,cc02,cc00,"[204, 0, 204]",6,"[194, 194, 194, 194, 194, 194, 195, 194, 194]","[194, 194, 194, 194, 194, 194, 194, 194]","[0, 0, 0, 0]",cc00,"[204, 0]","[0, 0]",0,62514,4127,0,0,0,0,0,194,0,0,0,0,194,194,62975,0,0,0,62945,62945,62946,0,0,62942,62942,62944,411,194,194,cc00,0,194
189,DEBUFF_ATK_BOOK,194,195,194,195,195,194,194,cc02,cc00,"[204, 0, 204]",6,"[194, 194, 194, 194, 194, 194, 194, 195, 194]","[194, 194, 194, 194, 194, 194, 194, 194]","[0, 0, 0, 0]",cc00,"[204, 0]","[0, 0]",0,62515,4125,0,0,0,0,0,194,0,0,0,0,194,194,62976,0,0,0,62945,62945,62946,0,0,62942,62942,62944,413,194,194,cc00,0,194
190,DEBUFF_ATK_FAN,194,195,194,195,195,194,194,cc02,cc00,"[204, 0, 204]",6,"[194, 194, 194, 194, 194, 194, 194, 194, 195]","[194, 194, 194, 194, 194, 194, 194, 194]","[0, 0, 0, 0]",cc00,"[204, 0]","[0, 0]",0,62516,4129,0,0,0,0,0,194,0,0,0,0,194,194,62977,0,0,0,62945,62945,62946,0,0,62942,62942,62944,415,194,194,cc00,0,194
191,DEBUFF_ATK_FIRE,194,195,194,195,195,194,194,cc02,cc00,"[204, 0, 204]",6,"[194, 194, 194, 194, 194, 194, 194, 194, 194]","[194, 195, 194, 194, 194, 194, 194, 194]","[0, 0, 0, 0]",cc00,"[204, 0]","[0, 0]",0,62517,4131,0,0,0,0,0,194,0,0,0,0,194,194,62978,0,0,0,62945,62945,62946,0,0,62942,62942,62944,601,194,194,cc00,0,194
192,DEBUFF_ATK_ICE,194,195,194,195,195,194,194,cc02,cc00,"[204, 0, 204]",6,"[194, 194, 194, 194, 194, 194, 194, 194, 194]","[194, 194, 195, 194, 194, 194, 194, 194]","[0, 0, 0, 0]",cc00,"[204, 0]","[0, 0]",0,62518,4132,0,0,0,0,0,194,0,0,0,0,194,194,62979,0,0,0,62945,62945,62946,0,0,62942,62942,62944,603,194,194,cc00,0,194
193,DEBUFF_ATK_THUNDER,194,195,194,195,195,194,194,cc02,cc00,"[204, 0, 204]",6,"[194, 194, 194, 194, 194, 194, 194, 194, 194]","[194, 194, 194, 195, 194, 194, 194, 194]","[0, 0, 0, 0]",cc00,"[204, 0]","[0, 0]",0,62519,4137,0,0,0,0,0,194,0,0,0,0,194,194,62980,0,0,0,62945,62945,62946,0,0,62942,62942,62944,605,194,194,cc00,0,194
194,DEBUFF_ATK_WIND,194,195,194,195,195,194,194,cc02,cc00,"[204, 0, 204]",6,"[194, 194, 194, 194, 194, 194, 194, 194, 194]","[194, 194, 194, 194, 195, 194, 194, 194]","[0, 0, 0, 0]",cc00,"[204, 0]","[0, 0]",0,62520,4138,0,0,0,0,0,194,0,0,0,0,194,194,62981,0,0,0,62945,62945,62946,0,0,62942,62942,62944,607,194,194,cc00,0,194
195,DEBUFF_ATK_LIGHT,194,195,194,195,195,194,194,cc02,cc00,"[204, 0, 204]",6,"[194, 194, 194, 194, 194, 194, 194, 194, 194]","[194, 194, 194, 194, 194, 195, 194, 194]","[0, 0, 0, 0]",cc00,"[204, 0]","[0, 0]",0,62521,4133,0,0,0,0,0,194,0,0,0,0,194,194,62982,0,0,0,62945,62945,62946,0,0,62942,62942,62944,609,194,194,cc00,0,194
196,DEBUFF_ATK_DARK,194,195,194,195,195,194,194,cc02,cc00,"[204, 0, 204]",6,"[194, 194, 194, 194, 194, 194, 194, 194, 194]","[194, 194, 194, 194, 194, 194, 195, 194]","[0, 0, 0, 0]",cc00,"[204, 0]","[0, 0]",0,62522,4121,0,0,0,0,0,194,0,0,0,0,194,194,62983,0,0,0,62945,62945,62946,0,0,62942,62942,62944,611,194,194,cc00,0,194
197,DEBUFF_ATK_NAUGHT,194,195,194,195,195,194,194,cc02,cc00,"[204, 0, 204]",6,"[194, 194, 194, 194, 194, 194, 194, 194, 194]","[194, 194, 194, 194, 194, 194, 194, 195]","[0, 0, 0, 0]",cc00,"[204, 0]","[0, 0]",0,62523,0,0,0,0,0,0,194,0,0,0,0,194,194,0,0,0,0,0,0,0,0,0,0,0,0,0,194,194,cc00,0,194
198,BUFF_DAMAGE,194,194,195,195,195,194,194,cc02,cc00,"[204, 0, 204]",1,"[194, 194, 194, 194, 194, 194, 194, 194, 194]","[194, 194, 194, 194, 194, 194, 194, 194]","[0, 0, 0, 0]",cc00,"[204, 0]","[0, 0]",0,62524,4067,4266,0,0,0,0,194,0,0,0,0,194,194,62985,0,0,0,62945,62945,62946,0,0,62939,62939,62943,800,194,194,cc00,0,194
199,BUFF_CRITICAL_DAMAGE,194,194,195,195,195,194,194,cc02,cc00,"[204, 0, 204]",2,"[194, 194, 194, 194, 194, 194, 194, 194, 194]","[194, 194, 194, 194, 194, 194, 194, 194]","[0, 0, 0, 0]",cc00,"[204, 0]","[0, 0]",0,62525,9447,4264,0,0,0,0,194,0,0,0,0,194,194,62986,0,0,0,62945,62945,62946,0,0,62939,62939,62943,801,194,194,cc00,0,194
200,BUFF_WEAK_DAMAGE,194,194,195,195,195,194,194,cc02,cc00,"[204, 0, 204]",3,"[194, 194, 194, 194, 194, 194, 194, 194, 194]","[194, 194, 194, 194, 194, 194, 194, 194]","[0, 0, 0, 0]",cc00,"[204, 0]","[0, 0]",0,62526,4073,4265,0,0,0,0,194,0,0,0,0,194,194,62987,0,0,0,62945,62945,62946,0,0,62939,62939,62943,802,194,194,cc00,0,194
201,BUFF_BREAK_DAMAGE,194,194,195,195,195,194,194,cc02,cc00,"[204, 0, 204]",4,"[194, 194, 194, 194, 194, 194, 194, 194, 194]","[194, 194, 194, 194, 194, 194, 194, 194]","[0, 0, 0, 0]",cc00,"[204, 0]","[0, 0]",0,62527,4091,4263,0,0,0,0,194,0,0,0,0,194,194,62988,0,0,0,62945,62945,62946,0,0,62939,62939,62943,803,194,194,cc00,0,194
202,BUFF_COMMAND_CURE,194,194,195,195,195,194,194,cc02,cc00,"[204, 0, 204]",0,"[194, 194, 194, 194, 194, 194, 194, 194, 194]","[194, 194, 194, 194, 194, 194, 194, 194]","[0, 0, 0, 0]",cc00,"[204, 0]","[0, 0]",0,62528,4074,4267,0,0,0,0,194,0,0,0,0,194,194,62989,0,0,0,62945,62945,62946,0,0,62939,62939,62943,207,194,194,cc00,0,194
203,BUFF_SP_COST_REDUCE,194,194,195,195,195,194,194,cc02,cc00,"[204, 0, 204]",0,"[194, 194, 194, 194, 194, 194, 194, 194, 194]","[194, 194, 194, 194, 194, 194, 194, 194]","[0, 0, 0, 0]",cc00,"[204, 0]","[0, 0]",0,62529,4084,4268,0,0,0,0,194,0,0,0,0,194,194,0,0,0,0,62945,62945,62946,0,0,62945,62945,62946,208,195,194,cc00,0,194
204,INVALIDATE_POISON,194,194,195,195,195,194,194,cc11,cc00,"[204, 0, 204]",0,"[194, 194, 194, 194, 194, 194, 194, 194, 194]","[194, 194, 194, 194, 194, 194, 194, 194]","[1, 0, 0, 0]",cc00,"[204, 0]","[0, 0]",0,62742,4191,4286,0,0,0,0,194,0,0,0,0,194,194,0,0,0,0,0,0,0,0,0,0,0,0,100,194,194,cc00,0,194
205,INVALIDATE_BLEED,194,194,195,195,195,194,194,cc11,cc00,"[204, 0, 204]",0,"[194, 194, 194, 194, 194, 194, 194, 194, 194]","[194, 194, 194, 194, 194, 194, 194, 194]","[2, 0, 0, 0]",cc00,"[204, 0]","[0, 0]",0,62743,4187,4287,0,0,0,0,194,0,0,0,0,194,194,0,0,0,0,0,0,0,0,0,0,0,0,101,194,194,cc00,0,194
206,INVALIDATE_SILENCE,194,194,195,195,195,194,194,cc02,cc00,"[204, 0, 204]",0,"[194, 194, 194, 194, 194, 194, 194, 194, 194]","[194, 194, 194, 194, 194, 194, 194, 194]","[3, 0, 0, 0]",cc00,"[204, 0]","[0, 0]",0,62744,4192,4288,0,0,0,0,194,0,0,0,0,194,194,0,0,0,0,0,0,0,0,0,0,0,0,102,194,194,cc00,0,194
207,INVALIDATE_SLEEP,194,194,195,195,195,194,194,cc02,cc00,"[204, 0, 204]",0,"[194, 194, 194, 194, 194, 194, 194, 194, 194]","[194, 194, 194, 194, 194, 194, 194, 194]","[4, 0, 0, 0]",cc00,"[204, 0]","[0, 0]",0,62745,4193,4289,0,0,0,0,194,0,0,0,0,194,194,0,0,0,0,0,0,0,0,0,0,0,0,103,194,194,cc00,0,194
208,INVALIDATE_PARALYSIS,194,194,195,195,195,194,194,cc02,cc00,"[204, 0, 204]",0,"[194, 194, 194, 194, 194, 194, 194, 194, 194]","[194, 194, 194, 194, 194, 194, 194, 194]","[5, 0, 0, 0]",cc00,"[204, 0]","[0, 0]",0,62746,4190,4290,0,0,0,0,194,0,0,0,0,194,194,0,0,0,0,0,0,0,0,0,0,0,0,104,194,194,cc00,0,194
209,INVALIDATE_FEAR,194,194,195,195,195,194,194,cc02,cc00,"[204, 0, 204]",0,"[194, 194, 194, 194, 194, 194, 194, 194, 194]","[194, 194, 194, 194, 194, 194, 194, 194]","[6, 0, 0, 0]",cc00,"[204, 0]","[0, 0]",0,62747,4188,4291,0,0,0,0,194,0,0,0,0,194,194,0,0,0,0,0,0,0,0,0,0,0,0,105,194,194,cc00,0,194
210,INVALIDATE_WASTE,194,194,195,195,195,194,194,cc02,cc00,"[204, 0, 204]",0,"[194, 194, 194, 194, 194, 194, 194, 194, 194]","[194, 194, 194, 194, 194, 194, 194, 194]","[7, 0, 0, 0]",cc00,"[204, 0]","[0, 0]",0,62748,4189,4292,0,0,0,0,194,0,0,0,0,194,194,0,0,0,0,0,0,0,0,0,0,0,0,106,194,194,cc00,0,194
211,COUNTER_NOT_WEAK,194,194,195,195,195,194,194,cc09,cc00,"[204, 0, 204]",0,"[194, 194, 194, 194, 194, 194, 194, 194, 194]","[194, 194, 194, 194, 194, 194, 194, 194]","[0, 0, 0, 0]",cc00,"[204, 1]","[0, 0]",0,62779,8080,0,0,0,0,0,194,0,0,0,0,194,194,0,0,0,0,0,0,0,0,0,0,0,0,1104,194,194,cc00,0,194
212,INTERCEPT_NOT_WEAK,194,194,195,195,195,194,194,cc09,cc00,"[204, 0, 204]",0,"[194, 194, 194, 194, 194, 194, 194, 194, 194]","[194, 194, 194, 194, 194, 194, 194, 194]","[0, 0, 0, 0]",cc00,"[204, 1]","[0, 0]",0,62780,8082,0,0,0,0,0,194,0,0,0,0,194,194,0,0,0,0,0,0,0,0,0,0,0,0,1105,194,194,cc00,0,194
213,P_INTERCEPT_NOT_WEAK,194,194,195,195,195,194,194,cc09,cc00,"[204, 0, 204]",0,"[194, 194, 194, 194, 194, 194, 194, 194, 194]","[194, 194, 194, 194, 194, 194, 194, 194]","[0, 0, 0, 0]",cc00,"[204, 1]","[0, 0]",0,62781,8082,0,0,1219,0,139,194,0,771,0,0,194,194,0,0,0,0,0,0,0,0,0,0,0,0,1106,194,194,cc00,0,194
214,COUNTER_NOT_CRITICAL,194,194,195,195,195,194,194,cc09,cc00,"[204, 0, 204]",0,"[194, 194, 194, 194, 194, 194, 194, 194, 194]","[194, 194, 194, 194, 194, 194, 194, 194]","[0, 0, 0, 0]",cc00,"[204, 1]","[0, 0]",0,64448,9261,0,0,0,0,0,194,0,0,0,0,194,194,0,0,0,0,0,0,0,0,0,0,0,0,0,194,194,cc00,0,194
215,INTERCEPT_NOT_CRITICAL,194,194,195,195,195,194,194,cc09,cc00,"[204, 0, 204]",0,"[194, 194, 194, 194, 194, 194, 194, 194, 194]","[194, 194, 194, 194, 194, 194, 194, 194]","[0, 0, 0, 0]",cc00,"[204, 1]","[0, 0]",0,64449,9262,0,0,0,0,0,194,0,0,0,0,194,194,0,0,0,0,0,0,0,0,0,0,0,0,0,194,194,cc00,0,194
216,P_INTERCEPT_NOT_CRITICAL,194,194,195,195,195,194,194,cc09,cc00,"[204, 0, 204]",0,"[194, 194, 194, 194, 194, 194, 194, 194, 194]","[194, 194, 194, 194, 194, 194, 194, 194]","[0, 0, 0, 0]",cc00,"[204, 1]","[0, 0]",0,62926,9116,9117,0,1219,0,139,194,0,771,0,0,194,194,0,0,0,0,0,0,0,0,0,0,0,0,206,194,194,cc00,0,194
217,REMOVE_MINUS_SUPPORT,194,194,195,194,194,194,194,cc00,cc00,"[204, 0, 204]",0,"[194, 194, 194, 194, 194, 194, 194, 194, 194]","[194, 194, 194, 194, 194, 194, 194, 194]","[0, 0, 0, 0]",cc00,"[204, 0]","[0, 0]",0,62359,0,0,31,0,0,0,195,487,0,0,0,194,194,0,0,0,0,0,0,0,0,0,0,0,0,0,194,194,cc00,0,194
224,BUFF_LIGHT_DARK_ELEMENT,194,194,195,195,195,194,194,cc02,cc00,"[204, 0, 204]",0,"[194, 194, 194, 194, 194, 194, 194, 194, 194]","[194, 194, 194, 194, 194, 195, 195, 194]","[0, 0, 0, 0]",cc00,"[204, 0]","[0, 0]",0,64100,9138,9139,0,0,0,0,194,0,0,0,0,194,194,64101,0,0,0,62945,62945,62946,0,0,62939,62939,62943,713,194,194,cc00,0,194
225,BUFF_ATK_FIRE_ICE_THUNDER_ELEMENT,194,194,195,195,195,194,194,cc02,cc00,"[204, 0, 204]",5,"[194, 194, 194, 194, 194, 194, 194, 194, 194]","[194, 195, 195, 195, 194, 194, 194, 194]","[0, 0, 0, 0]",cc00,"[204, 1]","[0, 0]",0,64098,9136,9137,0,0,0,0,194,0,0,0,0,194,194,64099,0,0,0,62945,62945,62946,0,0,62939,62939,62943,614,194,194,cc00,0,194
220,BUFF_X_CRT_ALWAYS,194,194,195,195,195,194,194,cc02,cc0e,"[204, 0, 204]",0,"[194, 194, 194, 194, 194, 194, 194, 194, 194]","[194, 194, 194, 194, 194, 194, 194, 194]","[0, 0, 0, 0]",cc00,"[204, 0]","[0, 0]",0,62740,9330,4277,0,0,0,0,194,0,0,0,0,194,194,62740,0,0,0,62945,62945,64005,0,0,62939,62939,64005,310,194,194,cc00,0,194
221,BUFF_STEAL_CURE_RATE,194,194,194,194,194,194,194,cc00,cc00,"[204, 0, 204]",0,"[194, 194, 194, 194, 194, 194, 194, 194, 194]","[194, 194, 194, 194, 194, 194, 194, 194]","[0, 0, 0, 0]",cc00,"[204, 0]","[0, 0]",0,64074,0,0,0,0,0,0,194,0,0,0,0,194,194,0,0,0,0,0,0,0,0,0,0,0,0,0,194,194,cc00,0,194
222,P_AVOID_COMPLETELY_PHYSICAL_ATTACK,194,194,195,195,195,194,194,cc09,cc00,"[204, 0, 204]",0,"[194, 195, 195, 195, 195, 195, 195, 195, 195]","[194, 194, 194, 194, 194, 194, 194, 194]","[0, 0, 0, 0]",cc00,"[204, 0]","[0, 0]",0,64097,4063,9465,0,0,0,59,194,0,0,0,0,194,195,0,0,0,0,0,0,0,0,0,0,0,0,902,194,194,cc00,0,194
223,P_AVOID_PROBABILITY_PHYSICAL_ATTACK,194,194,195,195,195,194,194,cc09,cc00,"[204, 0, 204]",0,"[194, 195, 195, 195, 195, 195, 195, 195, 195]","[194, 194, 194, 194, 194, 194, 194, 194]","[0, 0, 0, 0]",cc00,"[204, 0]","[0, 0]",0,64097,4063,0,0,0,0,59,194,0,0,0,0,194,195,0,0,0,0,0,0,0,0,0,0,0,0,902,194,194,cc00,0,194
226,BUFF_REDUCE_DAMAGE_HP,194,194,195,195,195,194,194,cc02,cc05,"[204, 0, 204]",0,"[194, 194, 194, 194, 194, 194, 194, 194, 194]","[194, 194, 194, 194, 194, 194, 194, 194]","[0, 0, 0, 0]",cc00,"[204, 0]","[0, 0]",0,64111,9230,9125,0,0,0,0,194,0,0,0,0,194,194,64111,0,0,0,62945,62945,62946,0,0,62939,62939,62943,209,195,194,cc00,0,194
227,INVALIDATE_DARKNESS,194,194,195,195,195,194,194,cc11,cc00,"[204, 0, 204]",0,"[194, 194, 194, 194, 194, 194, 194, 194, 194]","[194, 194, 194, 194, 194, 194, 194, 194]","[11, 0, 0, 0]",cc00,"[204, 0]","[0, 0]",0,64115,9122,9123,0,0,0,0,194,0,0,0,0,194,194,0,0,0,0,0,0,0,0,0,0,0,0,107,194,194,cc00,0,194
230,P_INVALIDATE_SWORD,194,194,195,195,195,194,194,cc09,cc00,"[204, 0, 204]",0,"[194, 195, 194, 194, 194, 194, 194, 194, 194]","[194, 194, 194, 194, 194, 194, 194, 194]","[0, 0, 0, 0]",cc00,"[204, 1]","[0, 0]",0,64166,4180,0,0,1219,0,139,194,0,771,0,0,194,194,0,0,0,0,0,0,0,0,0,0,0,0,902,194,194,cc00,0,194
231,P_INVALIDATE_LANCE,194,194,195,195,195,194,194,cc09,cc00,"[204, 0, 204]",0,"[194, 194, 195, 194, 194, 194, 194, 194, 194]","[194, 194, 194, 194, 194, 194, 194, 194]","[0, 0, 0, 0]",cc00,"[204, 1]","[0, 0]",0,64167,4176,0,0,1219,0,139,194,0,771,0,0,194,194,0,0,0,0,0,0,0,0,0,0,0,0,905,194,194,cc00,0,194
232,P_INVALIDATE_DAGGER,194,194,195,195,195,194,194,cc09,cc00,"[204, 0, 204]",0,"[194, 194, 194, 195, 194, 194, 194, 194, 194]","[194, 194, 194, 194, 194, 194, 194, 194]","[0, 0, 0, 0]",cc00,"[204, 1]","[0, 0]",0,64168,4157,0,0,1219,0,139,194,0,771,0,0,194,194,0,0,0,0,0,0,0,0,0,0,0,0,908,194,194,cc00,0,194
233,P_INVALIDATE_AXE,194,194,195,195,195,194,194,cc09,cc00,"[204, 0, 204]",0,"[194, 194, 194, 194, 195, 194, 194, 194, 194]","[194, 194, 194, 194, 194, 194, 194, 194]","[0, 0, 0, 0]",cc00,"[204, 1]","[0, 0]",0,64169,4147,0,0,1219,0,139,194,0,771,0,0,194,194,0,0,0,0,0,0,0,0,0,0,0,0,911,194,194,cc00,0,194
234,P_INVALIDATE_BOW,194,194,195,195,195,194,194,cc09,cc00,"[204, 0, 204]",0,"[194, 194, 194, 194, 194, 195, 194, 194, 194]","[194, 194, 194, 194, 194, 194, 194, 194]","[0, 0, 0, 0]",cc00,"[204, 1]","[0, 0]",0,64170,4142,0,0,1219,0,139,194,0,771,0,0,194,194,0,0,0,0,0,0,0,0,0,0,0,0,914,194,194,cc00,0,194
235,P_INVALIDATE_ROD,194,194,195,195,195,194,194,cc09,cc00,"[204, 0, 204]",0,"[194, 194, 194, 194, 194, 194, 195, 194, 194]","[194, 194, 194, 194, 194, 194, 194, 194]","[0, 0, 0, 0]",cc00,"[204, 1]","[0, 0]",0,64171,4153,0,0,1219,0,139,194,0,771,0,0,194,194,0,0,0,0,0,0,0,0,0,0,0,0,917,194,194,cc00,0,194
236,P_INVALIDATE_PAPERS,194,194,195,195,195,194,194,cc09,cc00,"[204, 0, 204]",0,"[194, 194, 194, 194, 194, 194, 194, 195, 194]","[194, 194, 194, 194, 194, 194, 194, 194]","[0, 0, 0, 0]",cc00,"[204, 1]","[0, 0]",0,64172,4150,0,0,1219,0,139,194,0,771,0,0,194,194,0,0,0,0,0,0,0,0,0,0,0,0,920,194,194,cc00,0,194
237,P_INVALIDATE_FAN,194,194,195,195,195,194,194,cc09,cc00,"[204, 0, 204]",0,"[194, 194, 194, 194, 194, 194, 194, 194, 195]","[194, 194, 194, 194, 194, 194, 194, 194]","[0, 0, 0, 0]",cc00,"[204, 1]","[0, 0]",0,64173,4163,0,0,1219,0,139,194,0,771,0,0,194,194,0,0,0,0,0,0,0,0,0,0,0,0,923,194,194,cc00,0,194
238,P_INVALIDATE_WEAPON,194,194,195,195,195,194,194,cc09,cc00,"[204, 0, 204]",0,"[194, 195, 195, 195, 195, 195, 195, 195, 195]","[194, 194, 194, 194, 194, 194, 194, 194]","[0, 0, 0, 0]",cc00,"[204, 1]","[0, 0]",0,64174,9183,0,0,1219,0,139,194,0,771,0,0,194,194,0,0,0,0,0,0,0,0,0,0,0,0,926,194,194,cc00,0,194
239,P_INVALIDATE_FIRE,194,194,195,195,195,194,194,cc09,cc00,"[204, 0, 204]",0,"[194, 194, 194, 194, 194, 194, 194, 194, 194]","[194, 195, 194, 194, 194, 194, 194, 194]","[0, 0, 0, 0]",cc00,"[204, 1]","[0, 0]",0,64175,4166,0,0,1219,0,139,194,0,771,0,0,194,194,0,0,0,0,0,0,0,0,0,0,0,0,1002,194,194,cc00,0,194
240,P_INVALIDATE_ICE,194,194,195,195,195,194,194,cc09,cc00,"[204, 0, 204]",0,"[194, 194, 194, 194, 194, 194, 194, 194, 194]","[194, 194, 195, 194, 194, 194, 194, 194]","[0, 0, 0, 0]",cc00,"[204, 1]","[0, 0]",0,64176,4169,0,0,1219,0,139,194,0,771,0,0,194,194,0,0,0,0,0,0,0,0,0,0,0,0,1005,194,194,cc00,0,194
241,P_INVALIDATE_THUNDER,194,194,195,195,195,194,194,cc09,cc00,"[204, 0, 204]",0,"[194, 194, 194, 194, 194, 194, 194, 194, 194]","[194, 194, 194, 195, 194, 194, 194, 194]","[0, 0, 0, 0]",cc00,"[204, 1]","[0, 0]",0,64177,4183,0,0,1219,0,139,194,0,771,0,0,194,194,0,0,0,0,0,0,0,0,0,0,0,0,1008,194,194,cc00,0,194
242,P_INVALIDATE_WIND,194,194,195,195,195,194,194,cc09,cc00,"[204, 0, 204]",0,"[194, 194, 194, 194, 194, 194, 194, 194, 194]","[194, 194, 194, 194, 195, 194, 194, 194]","[0, 0, 0, 0]",cc00,"[204, 1]","[0, 0]",0,64178,4186,0,0,1219,0,139,194,0,771,0,0,194,194,0,0,0,0,0,0,0,0,0,0,0,0,1011,194,194,cc00,0,194
243,P_INVALIDATE_LIGHT,194,194,195,195,195,194,194,cc09,cc00,"[204, 0, 204]",0,"[194, 194, 194, 194, 194, 194, 194, 194, 194]","[194, 194, 194, 194, 194, 195, 194, 194]","[0, 0, 0, 0]",cc00,"[204, 1]","[0, 0]",0,64179,4172,0,0,1219,0,139,194,0,771,0,0,194,194,0,0,0,0,0,0,0,0,0,0,0,0,1014,194,194,cc00,0,194
244,P_INVALIDATE_DARK,194,194,195,195,195,194,194,cc09,cc00,"[204, 0, 204]",0,"[194, 194, 194, 194, 194, 194, 194, 194, 194]","[194, 194, 194, 194, 194, 194, 195, 194]","[0, 0, 0, 0]",cc00,"[204, 1]","[0, 0]",0,64180,4160,0,0,1219,0,139,194,0,771,0,0,194,194,0,0,0,0,0,0,0,0,0,0,0,0,1017,194,194,cc00,0,194
245,P_INVALIDATE_NAUGHT,194,194,195,195,195,194,194,cc09,cc00,"[204, 0, 204]",0,"[194, 194, 194, 194, 194, 194, 194, 194, 194]","[194, 194, 194, 194, 194, 194, 194, 195]","[0, 0, 0, 0]",cc00,"[204, 1]","[0, 0]",0,64181,4177,0,0,1219,0,139,194,0,771,0,0,194,194,0,0,0,0,0,0,0,0,0,0,0,0,1020,194,194,cc00,0,194
246,P_INVALIDATE_MAGIC,194,194,195,195,195,194,194,cc09,cc00,"[204, 0, 204]",0,"[194, 194, 194, 194, 194, 194, 194, 194, 194]","[194, 195, 195, 195, 195, 195, 195, 195]","[0, 0, 0, 0]",cc00,"[204, 1]","[0, 0]",0,64182,9212,9213,0,1219,0,139,194,0,771,0,0,194,194,0,0,0,0,0,0,0,0,0,0,0,0,1023,194,194,cc00,0,194
247,P_INVALIDATE_WEAK,194,194,195,195,195,194,194,cc09,cc00,"[204, 0, 204]",0,"[194, 195, 195, 195, 195, 195, 195, 195, 195]","[194, 195, 195, 195, 195, 195, 195, 195]","[0, 0, 0, 0]",cc00,"[204, 1]","[0, 0]",0,64183,8081,0,0,1219,0,139,194,0,771,0,0,194,194,0,0,0,0,0,0,0,0,0,0,0,0,1102,194,194,cc00,0,194
248,P_INVALIDATE_NOT_WEAK,194,194,195,195,195,194,194,cc09,cc00,"[204, 0, 204]",0,"[194, 194, 194, 194, 194, 194, 194, 194, 194]","[194, 194, 194, 194, 194, 194, 194, 194]","[0, 0, 0, 0]",cc00,"[204, 1]","[0, 0]",0,64184,9184,9185,0,1219,0,139,194,0,771,0,0,194,194,0,0,0,0,0,0,0,0,0,0,0,0,1106,194,194,cc00,0,194
249,P_INVALIDATE_NOT_CRITICAL,194,194,195,195,195,194,194,cc09,cc00,"[204, 0, 204]",0,"[194, 194, 194, 194, 194, 194, 194, 194, 194]","[194, 194, 194, 194, 194, 194, 194, 194]","[0, 0, 0, 0]",cc00,"[204, 1]","[0, 0]",0,64185,9116,9117,0,1219,0,139,194,0,771,0,0,194,194,0,0,0,0,0,0,0,0,0,0,0,0,206,194,194,cc00,0,194
250,BP_REGENERATE_DISABLED,194,194,194,194,194,195,194,cc02,cc00,"[204, 0, 204]",0,"[194, 194, 194, 194, 194, 194, 194, 194, 194]","[194, 194, 194, 194, 194, 194, 194, 194]","[0, 0, 0, 0]",cc00,"[204, 0]","[0, 0]",0,64164,9148,9149,0,0,0,0,194,0,0,0,0,194,194,0,0,0,0,0,0,0,0,0,0,0,0,110,194,194,cc00,0,194
251,COVERED_ONE,194,194,194,194,195,194,194,cc02,cc00,"[204, 0, 204]",0,"[194, 194, 194, 194, 194, 194, 194, 194, 194]","[194, 194, 194, 194, 194, 194, 194, 194]","[0, 0, 0, 0]",cc00,"[204, 0]","[0, 0]",0,62353,4154,4294,0,0,0,0,194,0,0,0,0,194,194,0,0,0,0,0,0,0,0,0,0,0,0,205,194,194,cc00,0,194
252,COVERED_FORWARDS,194,194,194,194,195,194,194,cc02,cc00,"[204, 0, 204]",0,"[194, 194, 194, 194, 194, 194, 194, 194, 194]","[194, 194, 194, 194, 194, 194, 194, 194]","[0, 0, 0, 0]",cc00,"[204, 0]","[0, 0]",0,62353,4154,4294,0,0,0,0,194,0,0,0,0,194,194,0,0,0,0,0,0,0,0,0,0,0,0,205,194,194,cc00,0,194
253,COUNTER_ALL,194,194,195,195,195,194,194,cc09,cc00,"[204, 0, 204]",0,"[194, 195, 195, 195, 195, 195, 195, 195, 195]","[194, 195, 195, 195, 195, 195, 195, 195]","[0, 0, 0, 0]",cc00,"[204, 1]","[0, 0]",0,64275,4065,4065,0,0,0,139,194,0,0,0,0,194,194,0,0,0,0,0,0,0,0,0,0,0,0,1108,194,194,cc00,0,194
255,P_INTERCEPT_ALL,194,194,195,195,195,194,194,cc09,cc00,"[204, 0, 204]",0,"[194, 195, 195, 195, 195, 195, 195, 195, 195]","[194, 195, 195, 195, 195, 195, 195, 195]","[0, 0, 0, 0]",cc00,"[204, 1]","[0, 0]",0,64277,4177,4177,0,1219,0,139,194,0,771,0,0,194,194,0,0,0,0,0,0,0,0,0,0,0,0,1110,194,194,cc00,0,194
257,P_INTERCEPT_ALL_FOR_BUFF,194,194,195,195,195,194,194,cc09,cc00,"[204, 0, 204]",0,"[194, 195, 195, 195, 195, 195, 195, 195, 195]","[194, 195, 195, 195, 195, 195, 195, 195]","[0, 0, 0, 0]",cc00,"[204, 1]","[0, 0]",0,64279,4177,4177,0,1219,0,139,194,0,771,0,0,194,194,0,0,0,0,0,0,0,0,0,0,0,0,1112,194,194,cc00,0,194
258,P_INVALIDATE_ALL,194,194,195,195,195,194,194,cc09,cc00,"[204, 0, 204]",0,"[194, 195, 195, 195, 195, 195, 195, 195, 195]","[194, 195, 195, 195, 195, 195, 195, 195]","[0, 0, 0, 0]",cc00,"[204, 1]","[0, 0]",0,64280,9210,9211,0,1219,0,139,194,0,771,0,0,194,194,0,0,0,0,0,0,0,0,0,0,0,0,1113,194,194,cc00,0,194
256,INTERCEPT_ALL_BP_CURE_PLUS,194,194,195,195,195,194,194,cc09,cc00,"[204, 0, 204]",0,"[194, 195, 195, 195, 195, 195, 195, 195, 195]","[194, 195, 195, 195, 195, 195, 195, 195]","[0, 0, 0, 0]",cc00,"[204, 1]","[0, 0]",0,64278,4177,4177,0,0,0,139,194,0,0,0,0,194,194,0,0,0,0,0,0,0,0,0,0,0,0,1111,194,194,cc00,0,194
254,INTERCEPT_ALL_SLOW,194,194,195,195,195,194,194,cc09,cc00,"[204, 0, 204]",0,"[194, 195, 195, 195, 195, 195, 195, 195, 195]","[194, 195, 195, 195, 195, 195, 195, 195]","[0, 0, 0, 0]",cc00,"[204, 1]","[0, 0]",0,64276,4177,4177,0,0,0,139,194,0,0,0,0,194,194,0,0,0,0,0,0,0,0,0,0,0,0,1109,194,194,cc00,0,194
259,OVERKILL_FLAG,194,194,194,194,194,194,194,cc00,cc00,"[204, 0, 204]",0,"[194, 194, 194, 194, 194, 194, 194, 194, 194]","[194, 194, 194, 194, 194, 194, 194, 194]","[0, 0, 0, 0]",cc00,"[204, 0]","[0, 0]",0,0,0,0,0,0,0,0,194,0,0,0,0,194,194,0,0,0,0,0,0,0,0,0,0,0,0,0,194,194,cc00,0,194
260,SHIELD_LOCK,194,194,194,194,194,194,194,cc09,cc00,"[204, 0, 204]",0,"[194, 194, 194, 194, 194, 194, 194, 194, 194]","[194, 194, 194, 194, 194, 194, 194, 194]","[0, 0, 0, 0]",cc00,"[204, 1]","[0, 0]",0,64395,9232,0,0,0,0,0,194,0,0,0,0,194,194,0,0,0,0,0,0,0,0,0,0,0,0,0,194,194,cc00,0,194
261,MASKED_SHIELD,194,194,194,194,194,194,194,cc01,cc00,"[204, 0, 204]",0,"[194, 194, 194, 194, 194, 194, 194, 194, 194]","[194, 194, 194, 194, 194, 194, 194, 194]","[0, 0, 0, 0]",cc00,"[204, 1]","[0, 0]",0,0,0,0,0,0,0,0,194,0,0,0,0,194,194,0,0,0,0,0,0,0,0,0,0,0,0,0,194,194,cc00,0,194
262,MASKED_WEAK,194,194,194,194,194,194,194,cc01,cc00,"[204, 0, 204]",0,"[194, 194, 194, 194, 194, 194, 194, 194, 194]","[194, 194, 194, 194, 194, 194, 194, 194]","[0, 0, 0, 0]",cc00,"[204, 1]","[0, 0]",0,0,0,0,0,0,0,0,194,0,0,0,0,194,194,0,0,0,0,0,0,0,0,0,0,0,0,0,194,194,cc00,0,194
263,P_AVOID_COMPLETELY_MAGIC,194,194,195,195,195,194,194,cc09,cc00,"[204, 0, 204]",0,"[194, 194, 194, 194, 194, 194, 194, 194, 194]","[194, 195, 195, 195, 195, 195, 195, 195]","[0, 0, 0, 0]",cc00,"[204, 1]","[0, 0]",0,64371,4063,0,0,0,0,59,194,0,0,0,0,194,195,0,0,0,0,0,0,0,0,0,0,0,0,903,194,194,cc00,0,194
264,P_AVOID_PROBABILITY_MAGIC,194,194,195,195,195,194,194,cc09,cc00,"[204, 0, 204]",0,"[194, 194, 194, 194, 194, 194, 194, 194, 194]","[194, 195, 195, 195, 195, 195, 195, 195]","[0, 0, 0, 0]",cc00,"[204, 1]","[0, 0]",0,64371,4063,0,0,0,0,59,194,0,0,0,0,194,195,0,0,0,0,0,0,0,0,0,0,0,0,903,194,194,cc00,0,194
265,P_AVOID_COMPLETELY_ALL,194,194,195,195,195,194,194,cc09,cc00,"[204, 0, 204]",0,"[194, 195, 195, 195, 195, 195, 195, 195, 195]","[194, 195, 195, 195, 195, 195, 195, 195]","[0, 0, 0, 0]",cc00,"[204, 1]","[0, 0]",0,64372,4063,9259,0,0,0,59,194,0,0,0,0,194,195,0,0,0,0,0,0,0,0,0,0,0,0,904,194,194,cc00,0,194
266,P_AVOID_PROBABILITY_ALL,194,194,195,195,195,194,194,cc09,cc00,"[204, 0, 204]",0,"[194, 195, 195, 195, 195, 195, 195, 195, 195]","[194, 195, 195, 195, 195, 195, 195, 195]","[0, 0, 0, 0]",cc00,"[204, 1]","[0, 0]",0,64372,4063,9259,0,0,0,59,194,0,0,0,0,194,195,0,0,0,0,0,0,0,0,0,0,0,0,904,194,194,cc00,0,194
267,P_INTERCEPT_TARGET_IS_ENEMY_ALL,194,194,195,195,195,194,194,cc09,cc00,"[204, 0, 204]",0,"[194, 195, 195, 195, 195, 195, 195, 195, 195]","[194, 195, 195, 195, 195, 195, 195, 195]","[0, 0, 0, 0]",cc02,"[204, 1]","[0, 0]",0,64387,9252,0,0,0,0,139,194,0,771,0,0,194,194,0,0,0,0,0,0,0,0,0,0,0,0,904,194,194,cc00,0,194
268,INTERCEPT_TARGET_IS_ENEMY_ALL,194,194,195,195,195,194,194,cc09,cc00,"[204, 0, 204]",0,"[194, 195, 195, 195, 195, 195, 195, 195, 195]","[194, 195, 195, 195, 195, 195, 195, 195]","[0, 0, 0, 0]",cc02,"[204, 1]","[0, 0]",0,64386,9252,0,0,0,0,139,194,0,0,0,0,194,194,0,0,0,0,0,0,0,0,0,0,0,0,904,194,194,cc00,0,194
269,COUNTER_TARGET_IS_ENEMY_ALL,194,194,195,195,195,194,194,cc09,cc00,"[204, 0, 204]",0,"[194, 195, 195, 195, 195, 195, 195, 195, 195]","[194, 195, 195, 195, 195, 195, 195, 195]","[0, 0, 0, 0]",cc02,"[204, 1]","[0, 0]",0,64385,4065,0,0,0,0,139,194,0,0,0,0,194,194,0,0,0,0,0,0,0,0,0,0,0,0,904,194,194,cc00,0,194
270,BUFF_ATK_WIND_LIGHT_ELEMENT,194,194,195,195,195,194,194,cc02,cc00,"[204, 0, 204]",5,"[194, 194, 194, 194, 194, 194, 194, 194, 194]","[194, 194, 194, 194, 195, 195, 194, 194]","[0, 0, 0, 0]",cc00,"[204, 0]","[0, 0]",0,64411,0,9238,0,0,0,0,194,0,0,0,0,194,194,64412,0,0,0,62945,62945,62946,0,0,62939,62939,62943,614,194,194,cc00,0,194
271,QUIET_SILENCE,194,194,194,195,195,194,194,cc02,cc00,"[204, 0, 204]",0,"[194, 194, 194, 194, 194, 194, 194, 194, 194]","[194, 194, 194, 194, 194, 194, 194, 194]","[3, 0, 0, 0]",cc00,"[204, 1]","[0, 0]",0,64655,4057,4322,216,1569,0,0,194,0,0,17,0,194,194,0,0,0,0,0,0,0,0,0,0,0,0,5,194,194,cc00,0,194
272,SLIP_QUIET_SILENCE,194,194,194,195,195,194,194,cc11,cc00,"[204, 0, 204]",0,"[194, 194, 194, 194, 194, 194, 194, 194, 194]","[194, 194, 194, 194, 194, 194, 194, 194]","[0, 0, 0, 0]",cc00,"[204, 0]","[0, 0]",271,64655,0,0,0,0,0,0,194,0,0,17,0,194,194,0,0,0,0,0,0,0,0,0,0,0,0,12,194,194,cc00,0,194
273,QUIET_SILENCE_FORWARDS,194,194,194,194,194,194,194,cc0e,cc00,"[204, 0, 204]",0,"[194, 194, 194, 194, 194, 194, 194, 194, 194]","[194, 194, 194, 194, 194, 194, 194, 194]","[0, 0, 0, 0]",cc00,"[204, 2]","[0, 0]",272,62365,0,0,0,0,1517,0,194,0,0,0,0,194,194,0,0,0,0,0,0,0,0,0,0,0,0,0,194,194,cc00,0,194
274,PROVOKE_FOR_ALLY,194,194,195,195,195,194,194,cc02,cc00,"[204, 0, 204]",0,"[194, 194, 194, 194, 194, 194, 194, 194, 194]","[194, 194, 194, 194, 194, 194, 194, 194]","[0, 0, 0, 0]",cc00,"[204, 0]","[0, 0]",0,0,0,0,0,0,0,0,194,0,0,0,0,194,194,0,0,0,0,0,0,0,0,0,0,0,0,0,194,194,cc00,0,194
275,CHARM,194,194,194,194,195,194,194,cc02,cc00,"[204, 0, 204]",7,"[194, 194, 194, 194, 194, 194, 194, 194, 194]","[194, 194, 194, 194, 194, 194, 194, 194]","[0, 0, 0, 0]",cc00,"[204, 10]","[50, 0]",0,64427,9268,0,0,1613,0,0,194,0,0,0,0,194,194,0,0,0,0,0,0,0,0,0,0,0,0,0,195,194,cc00,0,194
276,ABSORB_HP,194,195,194,194,195,194,194,cc11,cc05,"[204, 0, 204]",0,"[194, 194, 194, 194, 194, 194, 194, 194, 194]","[194, 194, 194, 194, 194, 194, 194, 194]","[0, 0, 0, 0]",cc00,"[204, 0]","[0, 0]",0,64607,9269,0,0,0,0,1222,194,0,0,17,0,194,194,0,0,0,0,0,0,0,0,0,0,0,0,0,194,194,cc05,0,194
277,ABSORB_SP_TO_HP,194,195,194,194,195,194,194,cc11,cc06,"[204, 0, 204]",0,"[194, 194, 194, 194, 194, 194, 194, 194, 194]","[194, 194, 194, 194, 194, 194, 194, 194]","[0, 0, 0, 0]",cc00,"[204, 0]","[0, 0]",0,64608,0,0,0,0,0,1222,194,0,0,17,0,194,194,0,0,0,0,0,0,0,0,0,0,0,0,0,194,194,cc05,0,194
278,ABSORB_HP_SP_FORWARD_0,194,194,194,194,194,194,194,cc0e,cc00,"[204, 0, 204]",0,"[194, 194, 194, 194, 194, 194, 194, 194, 194]","[194, 194, 194, 194, 194, 194, 194, 194]","[0, 0, 0, 0]",cc00,"[204, 1]","[0, 0]",276,62365,9270,0,0,0,1566,150,194,0,0,0,0,194,194,0,0,0,0,0,0,0,0,0,0,0,0,0,194,194,cc00,0,194
279,ABSORB_HP_SP_FORWARD_1,194,194,194,194,194,194,194,cc0e,cc00,"[204, 0, 204]",0,"[194, 194, 194, 194, 194, 194, 194, 194, 194]","[194, 194, 194, 194, 194, 194, 194, 194]","[0, 0, 0, 0]",cc00,"[204, 1]","[0, 0]",277,62365,0,0,0,0,0,0,194,0,0,0,0,194,194,0,0,0,0,0,0,0,0,0,0,0,0,0,194,194,cc00,0,194
280,COVERED_TARGET_NOMOVE,194,194,195,194,195,194,194,cc02,cc00,"[204, 0, 204]",0,"[194, 194, 194, 194, 194, 194, 194, 194, 194]","[194, 194, 194, 194, 194, 194, 194, 194]","[0, 0, 0, 0]",cc00,"[204, 0]","[0, 0]",0,62353,4154,4294,0,0,0,0,194,0,0,0,0,194,194,0,0,0,0,0,0,0,0,0,0,0,0,0,194,194,cc00,0,194
281,SERAFINA_RITUAL_BOUNDARY,194,194,194,194,194,194,194,cc0e,cc00,"[204, 0, 204]",0,"[194, 194, 194, 194, 194, 194, 194, 194, 194]","[194, 194, 194, 194, 194, 194, 194, 194]","[0, 0, 0, 0]",cc00,"[204, 1]","[0, 0]",282,62365,0,0,0,0,1612,0,194,0,0,0,0,194,194,0,0,0,0,0,0,0,0,0,0,0,0,0,194,194,cc00,0,194
282,SLIP_SERAFINA,194,194,194,194,194,194,194,cc11,cc00,"[204, 0, 204]",0,"[194, 194, 194, 194, 194, 194, 194, 194, 194]","[194, 194, 194, 194, 194, 194, 194, 194]","[0, 0, 0, 0]",cc00,"[204, 1]","[0, 0]",0,0,0,0,0,0,0,0,194,0,0,0,0,194,194,0,0,0,0,0,0,0,0,0,0,0,0,0,194,194,cc00,0,194
283,RERAISE_BUFF,194,194,195,195,195,195,195,cc0a,cc00,"[204, 0, 204]",0,"[194, 194, 194, 194, 194, 194, 194, 194, 194]","[194, 194, 194, 194, 194, 194, 194, 194]","[0, 0, 0, 0]",cc00,"[204, 0]","[0, 0]",0,64659,4090,9289,0,0,0,0,194,0,0,0,0,194,194,0,0,0,0,0,0,0,0,0,0,0,0,0,194,195,cc00,0,194
284,RERAISE_BUFF_WITH_SP,194,194,195,195,195,195,195,cc0a,cc06,"[204, 0, 204]",0,"[194, 194, 194, 194, 194, 194, 194, 194, 194]","[194, 194, 194, 194, 194, 194, 194, 194]","[0, 0, 0, 0]",cc00,"[204, 0]","[0, 0]",0,64659,4090,9289,0,0,0,0,194,0,0,0,0,194,194,0,0,0,0,0,0,0,0,0,0,0,0,0,194,195,cc00,0,194
285,DEEP_SLEEP,194,195,194,194,195,194,194,cc11,cc05,"[204, 0, 204]",0,"[194, 194, 194, 194, 194, 194, 194, 194, 194]","[194, 194, 194, 194, 194, 194, 194, 194]","[4, 0, 0, 0]",cc00,"[204, 1]","[0, 0]",0,64666,4058,0,0,1625,0,32,194,0,0,17,0,194,194,0,0,0,0,0,0,0,0,0,0,0,0,7,194,194,cc00,0,194
286,CURSED_SILENCE_MAGIC,194,195,194,194,195,194,194,cc02,cc00,"[204, 0, 204]",0,"[194, 194, 194, 194, 194, 194, 194, 194, 194]","[194, 194, 194, 194, 194, 194, 194, 194]","[3, 0, 0, 0]",cc00,"[204, 1]","[0, 0]",0,64891,9404,9405,216,1614,0,0,194,0,0,17,0,194,194,0,0,0,0,0,0,0,0,0,0,0,0,5,194,194,cc00,0,194
287,CURSED_SILENCE_WEAPON,194,195,194,194,195,194,194,cc02,cc00,"[204, 0, 204]",0,"[194, 194, 194, 194, 194, 194, 194, 194, 194]","[194, 194, 194, 194, 194, 194, 194, 194]","[3, 0, 0, 0]",cc00,"[204, 1]","[0, 0]",0,64890,9402,9403,216,1614,0,0,194,0,0,17,0,194,194,0,0,0,0,0,0,0,0,0,0,0,0,5,194,194,cc00,0,194
288,BUFF_ATK_SPEAR_AXE_BOOK,194,194,195,195,195,194,194,cc02,cc00,"[204, 0, 204]",5,"[194, 194, 195, 194, 195, 194, 194, 195, 194]","[194, 194, 194, 194, 194, 194, 194, 194]","[0, 0, 0, 0]",cc00,"[204, 1]","[0, 0]",0,64764,9290,9291,0,0,0,0,194,0,0,0,0,194,194,64765,0,0,0,62945,62945,62946,0,0,62939,62939,62943,616,194,194,cc00,0,194
289,TURN_BEGIN_SKILL,194,194,194,194,195,194,195,cc13,cc00,"[204, 0, 204]",0,"[194, 194, 194, 194, 194, 194, 194, 194, 194]","[194, 194, 194, 194, 194, 194, 194, 194]","[0, 0, 0, 0]",cc00,"[204, 0]","[0, 0]",0,64826,9382,9383,0,0,0,0,194,0,0,0,0,194,194,0,0,0,0,0,0,0,0,0,0,0,0,1115,195,195,cc00,0,194
290,TURN_FINISH_SKILL,194,194,194,194,195,194,195,cc14,cc00,"[204, 0, 204]",0,"[194, 194, 194, 194, 194, 194, 194, 194, 194]","[194, 194, 194, 194, 194, 194, 194, 194]","[0, 0, 0, 0]",cc00,"[204, 0]","[0, 0]",0,64826,9382,9383,0,0,0,0,194,0,0,0,0,194,194,0,0,0,0,0,0,0,0,0,0,0,0,1115,195,195,cc00,0,194
291,BUFF_ATK_SWORD_LIGHT,194,194,195,195,195,194,194,cc02,cc00,"[204, 0, 204]",5,"[194, 195, 194, 194, 194, 194, 194, 194, 194]","[194, 194, 194, 194, 194, 195, 194, 194]","[0, 0, 0, 0]",cc00,"[204, 0]","[0, 0]",0,64827,9358,9359,0,0,0,0,194,0,0,0,0,194,194,64828,0,0,0,62945,62945,62946,0,0,62939,62939,62943,616,194,194,cc00,0,194
292,BUFF_ATK_DAGGER_WIND,194,194,195,195,195,194,194,cc02,cc00,"[204, 0, 204]",5,"[194, 194, 194, 195, 194, 194, 194, 194, 194]","[194, 194, 194, 194, 195, 194, 194, 194]","[0, 0, 0, 0]",cc00,"[204, 0]","[0, 0]",0,64829,9360,9361,0,0,0,0,194,0,0,0,0,194,194,64830,0,0,0,62945,62945,62946,0,0,62939,62939,62943,616,194,194,cc00,0,194
293,BUFF_ATK_LANCE_WIND,194,194,195,195,195,194,194,cc02,cc00,"[204, 0, 204]",5,"[194, 194, 195, 194, 194, 194, 194, 194, 194]","[194, 194, 194, 194, 195, 194, 194, 194]","[0, 0, 0, 0]",cc00,"[204, 0]","[0, 0]",0,64831,9362,9363,0,0,0,0,194,0,0,0,0,194,194,64832,0,0,0,62945,62945,62946,0,0,62939,62939,62943,616,194,194,cc00,0,194
294,BUFF_ATK_FAN_DARK,194,194,195,195,195,194,194,cc02,cc00,"[204, 0, 204]",5,"[194, 194, 194, 194, 194, 194, 194, 194, 195]","[194, 194, 194, 194, 194, 194, 195, 194]","[0, 0, 0, 0]",cc00,"[204, 0]","[0, 0]",0,64833,9364,9365,0,0,0,0,194,0,0,0,0,194,194,64834,0,0,0,62945,62945,62946,0,0,62939,62939,62943,616,194,194,cc00,0,194
295,BUFF_ATK_BOW_THUNDER,194,194,195,195,195,194,194,cc02,cc00,"[204, 0, 204]",5,"[194, 194, 194, 194, 194, 195, 194, 194, 194]","[194, 194, 194, 195, 194, 194, 194, 194]","[0, 0, 0, 0]",cc00,"[204, 0]","[0, 0]",0,64835,9366,9367,0,0,0,0,194,0,0,0,0,194,194,64836,0,0,0,62945,62945,62946,0,0,62939,62939,62943,616,194,194,cc00,0,194
296,BUFF_ATK_SWORD_WIND,194,194,195,195,195,194,194,cc02,cc00,"[204, 0, 204]",5,"[194, 195, 194, 194, 194, 194, 194, 194, 194]","[194, 194, 194, 194, 195, 194, 194, 194]","[0, 0, 0, 0]",cc00,"[204, 0]","[0, 0]",0,64837,9368,9369,0,0,0,0,194,0,0,0,0,194,194,64838,0,0,0,62945,62945,62946,0,0,62939,62939,62943,616,194,194,cc00,0,194
351,BUFF_ATK_LANCE_ICE,194,194,195,195,195,194,194,cc02,cc00,"[204, 0, 204]",5,"[194, 194, 195, 194, 194, 194, 194, 194, 194]","[194, 194, 195, 194, 194, 194, 194, 194]","[0, 0, 0, 0]",cc00,"[204, 0]","[0, 0]",0,65163,9544,9545,0,0,0,0,194,0,0,0,0,194,194,65164,0,0,0,62945,62945,62946,0,0,62939,62939,62943,616,194,194,cc00,0,194
352,BUFF_ATK_BOW_ICE,194,194,195,195,195,194,194,cc02,cc00,"[204, 0, 204]",5,"[194, 194, 194, 194, 194, 195, 194, 194, 194]","[194, 194, 195, 194, 194, 194, 194, 194]","[0, 0, 0, 0]",cc00,"[204, 0]","[0, 0]",0,65161,9542,9543,0,0,0,0,194,0,0,0,0,194,194,65162,0,0,0,62945,62945,62946,0,0,62939,62939,62943,616,194,194,cc00,0,194
