m_id,m_label,m_MapObjType,m_OwnerNPC,m_OwnerObject,m_TreasureBox,m_OwnerEnemy,m_RecoveryPointId,m_HardDungeonPairId,m_HardDungeonPairNum,m_MapID,m_AppearLabel,m_TalkID,m_AppearDir,m_AppearPose,m_BackUniquePath,m_HideChara,m_HideIcon,m_HideMinimapIconFlg,m_ExcludeEventOnOffCommand,m_AutoTalk,m_Hard,m_BootQuestStaet,m_BootQuestID,m_BootQuestTaskNum,m_BootQuestTaskId,m_DisableQuestState,m_DisableQuestID,m_DisableQuestTaskNum,m_DisableQuestTaskId,m_TrigConditionID,m_NoneConditionID,m_HideFC,m_ReplaceEnemyTypeId,m_SetLandPos
204,QuTr_PC002_01_03,1,0,0,0,0,0,0,0,21,QuTr_PC002_01_03,17482940427700714183681280861440,1,0,,194,194,194,194,194,0,2,2002010,0,51,3,2002010,0,51,"[0, 0, 0, 0]","[0, 0, 0, 0]",194,0,c2de0024
205,QuTr_PC002_01_04,1,0,0,0,0,0,0,0,21,QuTr_PC002_01_04,17562168590214978521274824811776,1,0,,194,194,194,194,194,0,2,2002010,0,52,3,2002010,0,52,"[0, 0, 0, 0]","[0, 0, 0, 0]",194,0,c2de0024
206,QuTr_PC002_02_01,1,1002,0,0,0,0,0,0,21,QuTr_PC002_02_01,17641396752729242858868368762112,3,0,,194,194,194,194,194,0,1,2002020,0,0,2,2002020,0,527,"[0, 0, 0, 0]","[0, 0, 0, 0]",194,0,c2de0024
207,QuTr_PC002_03_01,1,0,0,0,0,0,0,0,21,QuTr_PC002_03_01,17720624915243507196461912712448,1,0,,194,194,194,194,194,0,1,2002030,0,0,2,2002030,0,529,"[0, 0, 0, 0]","[0, 0, 0, 0]",194,0,c2de0024
208,QuTr_PC002_03_02,1,10000386,0,0,0,0,0,0,21,QuTr_PC002_03_02,17799853077757771534055456662784,3,0,,194,194,194,194,194,0,2,2002030,0,529,3,2002030,0,529,"[0, 0, 0, 0]","[0, 0, 0, 0]",194,0,c2de0024
209,QuTr_PC002_04_01,1,0,0,0,0,0,0,0,21,QuTr_PC002_04_01,17879081240272035871649000613120,1,0,,194,194,194,194,194,0,1,2002040,0,0,2,2002040,0,627,"[0, 0, 0, 0]","[0, 0, 0, 0]",194,0,c2de0024
210,QuTr_PC002_04_03,1,0,0,0,0,0,0,0,21,QuTr_PC002_04_03,17958309402786300209242544563456,1,0,,194,194,194,194,194,0,2,2002040,0,628,3,2002040,0,628,"[0, 0, 0, 0]","[0, 0, 0, 0]",194,0,c2de0024
139,QuTr_PC017_01_01,1,1017,0,0,0,0,0,0,21,QuTr_PC017_01_01,11540828239130888864165484586240,1,0,,194,194,194,194,194,0,1,2017010,0,0,2,2017010,0,110,"[0, 0, 0, 0]","[0, 0, 0, 0]",194,0,c2de0024
140,QuTr_PC017_01_02,1,0,0,0,0,0,0,0,21,QuTr_PC017_01_02,11620056401645153201759028536576,1,0,,194,194,194,194,194,0,2,2017010,0,110,3,2017010,0,110,"[0, 0, 0, 0]","[0, 0, 0, 0]",194,0,c2de0024
141,QuTr_PC017_02_01,1,1017,0,0,0,0,0,0,21,QuTr_PC017_02_01,11778512726673681876946116437248,1,0,,194,194,194,194,194,0,1,2017020,0,0,2,2017020,0,112,"[0, 0, 0, 0]","[0, 0, 0, 0]",194,0,c2de0024
142,QuTr_PC017_02_02,1,10000311,0,0,0,0,0,0,21,QuTr_PC017_02_02,11857740889187946214539660387584,4,0,,194,194,194,194,194,0,2,2017020,0,112,3,2017020,0,112,"[0, 0, 0, 0]","[0, 0, 0, 0]",194,0,c2de0024
143,QuTr_PC017_02_03,1,0,0,0,0,0,0,0,21,QuTr_PC017_02_03,11936969051702210552133204337920,1,0,,194,194,194,194,194,0,2,2017020,0,399,3,2017020,0,399,"[0, 0, 0, 0]","[0, 0, 0, 0]",194,0,c2de0024
144,QuTr_PC017_03_01,1,1017,0,0,0,0,0,0,21,QuTr_PC017_03_01,12016197214216474889726748288256,1,0,,194,194,194,194,194,0,1,2017030,0,0,2,2017030,0,401,"[0, 0, 0, 0]","[0, 0, 0, 0]",194,0,c2de0024
145,QuTr_PC017_03_02,1,0,0,0,0,0,0,0,21,QuTr_PC017_03_02,12095425376730739227320292238592,1,0,,194,194,194,194,194,0,2,2017030,0,401,3,2017030,0,401,"[0, 0, 0, 0]","[0, 0, 0, 0]",194,0,c2de0024
146,QuTr_PC017_04_01,1,1017,0,0,0,0,0,0,21,QuTr_PC017_04_01,12253881701759267902507380139264,1,0,,194,194,194,194,194,0,1,2017040,0,0,2,2017040,0,688,"[0, 0, 0, 0]","[0, 0, 0, 0]",194,0,c2de0024
147,QuTr_PC017_04_02,1,10000312,0,0,0,0,0,0,21,QuTr_PC017_04_02,12333109864273532240100924089600,1,0,,194,194,194,194,194,0,2,2017040,0,688,3,2017040,0,688,"[0, 0, 0, 0]","[0, 0, 0, 0]",194,0,c2de0024
148,QuTr_PC017_04_03,1,0,0,0,0,0,0,0,21,QuTr_PC017_04_03,12491566189302060915288011990272,1,0,,194,194,194,194,194,0,2,2017040,0,689,3,2017040,0,689,"[0, 0, 0, 0]","[0, 0, 0, 0]",194,0,c2de0024
260,QuTr_PC028_01_01,1,1028,0,0,0,0,0,0,21,QuTr_PC028_01_01,19780557140614379973894055421184,2,1,,194,194,194,194,194,0,1,2028010,0,0,2,2028010,0,154,"[0, 0, 0, 0]","[0, 0, 0, 0]",194,0,c2de0024
261,QuTr_PC028_01_03,1,0,0,0,0,0,0,0,21,QuTr_PC028_01_03,19859785303128644311487599371520,3,0,,194,194,194,194,194,0,2,2028010,0,155,3,2028010,0,155,"[0, 0, 0, 0]","[0, 0, 0, 0]",194,0,c2de0024
262,QuTr_PC028_02_01,1,1028,0,0,0,0,0,0,21,QuTr_PC028_02_01,19939013465642908649081143321856,3,0,,194,194,194,194,194,0,1,2028020,0,0,2,2028020,0,402,"[0, 0, 0, 0]","[0, 0, 0, 0]",194,0,c2de0024
263,QuTr_PC028_02_02,1,0,0,0,0,0,0,0,21,QuTr_PC028_02_02,20018241628157172986674687272192,1,0,,194,194,194,194,194,0,2,2028020,0,402,3,2028020,0,402,"[0, 0, 0, 0]","[0, 0, 0, 0]",194,0,c2de0024
264,QuTr_PC028_02_04,1,0,0,0,0,0,0,0,21,QuTr_PC028_02_04,20097469790671437324268231222528,3,0,,194,194,194,194,194,0,2,2028020,0,404,3,2028020,0,404,"[0, 0, 0, 0]","[0, 0, 0, 0]",194,0,c2de0024
265,QuTr_PC028_03_01,1,1028,0,0,0,0,0,0,21,QuTr_PC028_03_01,20176697953185701661861775172864,3,0,,194,194,194,194,194,0,1,2028030,0,0,2,2028030,0,406,"[0, 0, 0, 0]","[0, 0, 0, 0]",194,0,c2de0024
266,QuTr_PC028_03_02,1,0,0,0,0,0,0,0,21,QuTr_PC028_03_02,20255926115699965999455319123200,1,0,,194,194,194,194,194,0,2,2028030,0,406,3,2028030,0,406,"[0, 0, 0, 0]","[0, 0, 0, 0]",194,0,c2de0024
267,QuTr_PC028_04_01,1,1028,0,0,0,0,0,0,21,QuTr_PC028_04_01,20335154278214230337048863073536,3,0,,194,194,194,194,194,0,1,2028040,0,0,2,2028040,0,731,"[0, 0, 0, 0]","[0, 0, 0, 0]",194,0,c2de0024
268,QuTr_PC028_04_02,1,10000436,0,0,0,0,0,0,21,QuTr_PC028_04_02,20414382440728494674642407023872,4,0,,194,194,194,194,194,0,2,2028040,0,731,3,2028040,0,731,"[0, 0, 0, 0]","[0, 0, 0, 0]",194,0,c2de0024
269,QuTr_PC028_04_03,1,10000437,0,0,0,0,0,0,21,QuTr_PC028_04_03,20493610603242759012235950974208,4,0,,194,194,194,194,194,0,2,2028040,0,732,3,2028040,0,732,"[0, 0, 0, 0]","[0, 0, 0, 0]",194,0,c2de0024
179,QuTr_PC029_01_01,1,1029,0,0,0,0,0,0,21,QuTr_PC029_01_01,15739920852386898756623313954048,2,0,,194,194,194,194,194,0,1,2029010,0,0,2,2029010,0,158,"[0, 0, 0, 0]","[0, 0, 0, 0]",194,0,c2de0024
180,QuTr_PC029_01_03,1,0,0,0,0,0,0,0,21,QuTr_PC029_01_03,15819149014901163094216857904384,1,0,,194,194,194,194,194,0,2,2029010,0,159,3,2029010,0,159,"[0, 0, 0, 0]","[0, 0, 0, 0]",194,0,c2de0024
181,QuTr_PC029_02_01,1,1029,0,0,0,0,0,0,21,QuTr_PC029_02_01,15898377177415427431810401854720,1,0,,194,194,194,194,194,0,1,2029020,0,0,2,2029020,0,409,"[0, 0, 0, 0]","[0, 0, 0, 0]",194,0,c2de0024
182,QuTr_PC029_02_03,1,10000371,0,0,0,0,0,0,21,QuTr_PC029_02_03,15977605339929691769403945805056,4,14,,194,194,194,194,194,0,2,2029020,0,410,3,2029020,0,410,"[0, 0, 0, 0]","[0, 0, 0, 0]",194,0,c2de0024
183,QuTr_PC029_03_01,1,1029,0,0,0,0,0,0,21,QuTr_PC029_03_01,16056833502443956106997489755392,1,0,,194,194,194,194,194,0,1,2029030,0,0,2,2029030,0,412,"[0, 0, 0, 0]","[0, 0, 0, 0]",194,0,c2de0024
184,QuTr_PC029_03_02,1,0,0,0,0,0,0,0,21,QuTr_PC029_03_02,16136061664958220444591033705728,3,0,,194,194,194,194,194,0,2,2029030,0,412,3,2029030,0,412,"[0, 0, 0, 0]","[0, 0, 0, 0]",194,0,c2de0024
185,QuTr_PC029_03_03,1,10000371,0,0,0,0,0,0,21,QuTr_PC029_03_03,16215289827472484782184577656064,4,0,,194,194,194,194,194,0,2,2029030,0,735,3,2029030,0,735,"[0, 0, 0, 0]","[0, 0, 0, 0]",194,0,c2de0024
186,QuTr_PC029_04_01,1,1029,0,0,0,0,0,0,21,QuTr_PC029_04_01,16294517989986749119778121606400,1,0,,194,194,194,194,194,0,1,2029040,0,0,2,2029040,0,737,"[0, 0, 0, 0]","[0, 0, 0, 0]",194,0,c2de0024
187,QuTr_PC029_04_02,1,0,0,0,0,0,0,0,21,QuTr_PC029_04_02,16373746152501013457371665556736,1,0,,194,194,194,194,194,0,2,2029040,0,737,3,2029040,0,737,"[0, 0, 0, 0]","[0, 0, 0, 0]",194,0,c2de0024
188,QuTr_PC029_04_04,1,10000370,0,0,0,0,0,0,21,QuTr_PC029_04_04,16452974315015277794965209507072,1,0,,194,194,194,194,194,0,2,2029040,0,1005,3,2029040,0,1005,"[0, 0, 0, 0]","[0, 0, 0, 0]",194,0,c2de0024
169,QuTr_PC037_01_01,1,1037,0,0,0,0,0,0,21,QuTr_PC037_01_01,14868411064729991043094330500352,3,13,,194,194,194,194,194,0,1,2037010,0,0,2,2037010,0,190,"[0, 0, 0, 0]","[0, 0, 0, 0]",194,0,c2de0024
170,QuTr_PC037_01_02,1,10000379,0,0,0,0,0,0,21,QuTr_PC037_01_02,14947639227244255380687874450688,4,0,,194,194,194,194,194,0,2,2037010,0,190,3,2037010,0,190,"[0, 0, 0, 0]","[0, 0, 0, 0]",194,0,c2de0024
171,QuTr_PC037_01_03,1,10000378,0,0,0,0,0,0,21,QuTr_PC037_01_03,15026867389758519718281418401024,3,0,,194,194,194,194,194,0,2,2037010,0,191,3,2037010,0,191,"[0, 0, 0, 0]","[0, 0, 0, 0]",194,0,c2de0024
172,QuTr_PC037_02_01,1,1037,0,0,0,0,0,0,21,QuTr_PC037_02_01,15106095552272784055874962351360,1,0,,194,194,194,194,194,0,1,2037020,0,0,2,2037020,0,395,"[0, 0, 0, 0]","[0, 0, 0, 0]",194,0,c2de0024
173,QuTr_PC037_02_02,1,0,0,0,0,0,0,0,21,QuTr_PC037_02_02,15185323714787048393468506301696,1,0,,194,194,194,194,194,0,2,2037020,0,395,3,2037020,0,395,"[0, 0, 0, 0]","[0, 0, 0, 0]",194,0,c2de0024
174,QuTr_PC037_02_03,1,0,0,0,0,0,0,0,21,QuTr_PC037_02_03,15343780039815577068655594202368,1,0,,194,194,194,194,194,0,2,2037020,0,396,3,2037020,0,396,"[0, 0, 0, 0]","[0, 0, 0, 0]",194,0,c2de0024
175,QuTr_PC037_03_01,1,1037,0,0,0,0,0,0,21,QuTr_PC037_03_01,15423008202329841406249138152704,1,0,,194,194,194,194,194,0,1,2037030,0,0,2,2037030,0,398,"[0, 0, 0, 0]","[0, 0, 0, 0]",194,0,c2de0024
176,QuTr_PC037_03_03,1,0,0,0,0,0,0,0,21,QuTr_PC037_03_03,15502236364844105743842682103040,1,0,,194,194,194,194,194,0,2,2037030,0,767,3,2037030,0,767,"[0, 0, 0, 0]","[0, 0, 0, 0]",194,0,c2de0024
177,QuTr_PC037_04_01,1,1037,0,0,0,0,0,0,21,QuTr_PC037_04_01,15581464527358370081436226053376,1,0,,194,194,194,194,194,0,1,2037040,0,0,2,2037040,0,769,"[0, 0, 0, 0]","[0, 0, 0, 0]",194,0,c2de0024
178,QuTr_PC037_04_03,1,10000378,0,0,0,0,0,0,21,QuTr_PC037_04_03,15660692689872634419029770003712,4,0,,194,194,194,194,194,0,2,2037040,0,770,3,2037040,0,770,"[0, 0, 0, 0]","[0, 0, 0, 0]",194,0,c2de0024
124,QuTr_PC043_01_01,1,1043,0,0,0,0,0,0,21,QuTr_PC043_01_01,10352405801416923800262325331200,1,0,,194,194,194,194,194,0,1,2043010,0,0,2,2043010,0,213,"[0, 0, 0, 0]","[0, 0, 0, 0]",194,0,c2de0024
125,QuTr_PC043_02_01,1,1043,0,0,0,0,0,0,21,QuTr_PC043_02_01,10431633963931188137855869281536,1,0,,194,194,194,194,194,0,1,2043020,0,0,2,2043020,0,214,"[0, 0, 0, 0]","[0, 0, 0, 0]",194,0,c2de0024
126,QuTr_PC043_02_02,1,10000191,0,0,0,0,0,0,21,QuTr_PC043_02_02,10510862126445452475449413231872,4,37,,194,194,194,194,194,0,2,2043020,0,214,3,2043020,0,214,"[0, 0, 0, 0]","[0, 0, 0, 0]",194,0,c2de0024
127,QuTr_PC043_03_01,1,1043,0,0,0,0,0,0,21,QuTr_PC043_03_01,10590090288959716813042957182208,1,0,,194,194,194,194,194,0,1,2043030,0,0,2,2043030,0,216,"[0, 0, 0, 0]","[0, 0, 0, 0]",194,0,c2de0024
128,QuTr_PC043_04_01,1,1043,0,0,0,0,0,0,21,QuTr_PC043_04_01,10669318451473981150636501132544,1,0,,194,194,194,194,194,0,1,2043040,0,0,2,2043040,0,413,"[0, 0, 0, 0]","[0, 0, 0, 0]",194,0,c2de0024
211,QuTr_PC050_01_01,1,1050,0,0,0,0,0,0,21,QuTr_PC050_01_01,18037537565300564546836088513792,3,14,,194,194,194,194,194,0,1,2050010,0,0,2,2050010,0,242,"[0, 0, 0, 0]","[0, 0, 0, 0]",194,0,c2de0024
212,QuTr_PC050_01_02,1,10000406,0,0,0,0,0,0,21,QuTr_PC050_01_02,18116765727814828884429632464128,3,0,,194,194,194,194,194,0,2,2050010,0,242,3,2050010,0,242,"[0, 0, 0, 0]","[0, 0, 0, 0]",194,0,c2de0024
213,QuTr_PC050_02_01,1,1050,0,0,0,0,0,0,21,QuTr_PC050_02_01,18195993890329093222023176414464,3,0,,194,194,194,194,194,0,1,2050020,0,0,2,2050020,0,244,"[0, 0, 0, 0]","[0, 0, 0, 0]",194,0,c2de0024
214,QuTr_PC050_02_02,1,0,0,0,0,0,0,0,21,QuTr_PC050_02_02,18275222052843357559616720364800,4,0,,194,194,194,194,194,0,2,2050020,0,244,3,2050020,0,244,"[0, 0, 0, 0]","[0, 0, 0, 0]",194,0,c2de0024
215,QuTr_PC050_02_03,1,10000407,0,0,0,0,0,0,21,QuTr_PC050_02_03,18354450215357621897210264315136,1,0,,194,194,194,194,194,0,2,2050020,0,415,3,2050020,0,415,"[0, 0, 0, 0]","[0, 0, 0, 0]",194,0,c2de0024
216,QuTr_PC050_03_01,1,1050,0,0,0,0,0,0,21,QuTr_PC050_03_01,18433678377871886234803808265472,3,0,,194,194,194,194,194,0,1,2050030,0,0,2,2050030,0,417,"[0, 0, 0, 0]","[0, 0, 0, 0]",194,0,c2de0024
217,QuTr_PC050_03_02,1,10000408,0,0,0,0,0,0,21,QuTr_PC050_03_02,18512906540386150572397352215808,3,0,,194,194,194,194,194,0,2,2050030,0,417,3,2050030,0,417,"[0, 0, 0, 0]","[0, 0, 0, 0]",194,0,c2de0024
218,QuTr_PC050_04_01,1,1050,0,0,0,0,0,0,21,QuTr_PC050_04_01,18592134702900414909990896166144,3,0,,194,194,194,194,194,0,1,2050040,0,0,2,2050040,0,819,"[0, 0, 0, 0]","[0, 0, 0, 0]",194,0,c2de0024
219,QuTr_PC050_04_02,1,0,0,0,0,0,0,0,21,QuTr_PC050_04_02,18671362865414679247584440116480,3,0,,194,194,194,194,194,0,2,2050040,0,819,3,2050040,0,819,"[0, 0, 0, 0]","[0, 0, 0, 0]",194,0,c2de0024
220,QuTr_PC050_04_03,1,10000409,0,0,0,0,0,0,21,QuTr_PC050_04_03,18750591027928943585177984066816,1,0,,194,194,194,194,194,0,2,2050040,0,820,3,2050040,0,820,"[0, 0, 0, 0]","[0, 0, 0, 0]",194,0,c2de0024
248,QuTr_PC051_01_01,1,1051,0,0,0,0,0,0,21,QuTr_PC051_01_01,18829819190443207922771528017152,2,0,,194,194,194,194,194,0,1,2051010,0,0,2,2051010,0,246,"[0, 0, 0, 0]","[0, 0, 0, 0]",194,0,c2de0024
249,QuTr_PC051_01_02,1,10000411,0,0,0,0,0,0,21,QuTr_PC051_01_02,18909047352957472260365071967488,4,0,,194,194,194,194,194,0,2,2051010,0,246,3,2051010,0,246,"[0, 0, 0, 0]","[0, 0, 0, 0]",194,0,c2de0024
250,QuTr_PC051_02_01,1,1051,0,0,0,0,0,0,21,QuTr_PC051_02_01,18988275515471736597958615917824,2,0,,194,194,194,194,194,0,1,2051020,0,0,2,2051020,0,248,"[0, 0, 0, 0]","[0, 0, 0, 0]",194,0,c2de0024
251,QuTr_PC051_02_02,1,10000411,0,0,0,0,0,0,21,QuTr_PC051_02_02,19067503677986000935552159868160,4,0,,194,194,194,194,194,0,2,2051020,0,248,3,2051020,0,248,"[0, 0, 0, 0]","[0, 0, 0, 0]",194,0,c2de0024
252,QuTr_PC051_02_03,1,0,0,0,0,0,0,0,21,QuTr_PC051_02_03,19146731840500265273145703818496,1,0,,194,194,194,194,194,0,2,2051020,0,419,3,2051020,0,419,"[0, 0, 0, 0]","[0, 0, 0, 0]",194,0,c2de0024
253,QuTr_PC051_02_04,1,10000411,0,0,0,0,0,0,21,QuTr_PC051_02_04,19225960003014529610739247768832,3,0,,194,194,194,194,194,0,2,2051020,0,420,3,2051020,0,420,"[0, 0, 0, 0]","[0, 0, 0, 0]",194,0,c2de0024
254,QuTr_PC051_03_01,1,1051,0,0,0,0,0,0,21,QuTr_PC051_03_01,19305188165528793948332791719168,3,0,,194,194,194,194,194,0,1,2051030,0,0,2,2051030,0,422,"[0, 0, 0, 0]","[0, 0, 0, 0]",194,0,c2de0024
255,QuTr_PC051_03_02,1,10000411,0,0,0,0,0,0,21,QuTr_PC051_03_02,19384416328043058285926335669504,4,0,,194,194,194,194,194,0,2,2051030,0,422,3,2051030,0,422,"[0, 0, 0, 0]","[0, 0, 0, 0]",194,0,c2de0024
256,QuTr_PC051_04_01,1,1051,0,0,0,0,0,0,21,QuTr_PC051_04_01,19463644490557322623519879619840,2,0,,194,194,194,194,194,0,1,2051040,0,0,2,2051040,0,824,"[0, 0, 0, 0]","[0, 0, 0, 0]",194,0,c2de0024
257,QuTr_PC051_04_02,1,10000411,0,0,0,0,0,0,21,QuTr_PC051_04_02,19542872653071586961113423570176,4,37,,194,194,194,194,194,0,2,2051040,0,824,3,2051040,0,824,"[0, 0, 0, 0]","[0, 0, 0, 0]",194,0,c2de0024
258,QuTr_PC051_04_03,1,0,0,0,0,0,0,0,21,QuTr_PC051_04_03,19622100815585851298706967520512,1,0,,194,194,194,194,194,0,2,2051040,0,825,3,2051040,0,825,"[0, 0, 0, 0]","[0, 0, 0, 0]",194,0,c2de0024
259,QuTr_PC051_04_04,1,10000411,0,0,0,0,0,0,21,QuTr_PC051_04_04,19701328978100115636300511470848,4,10,,194,194,194,194,194,0,2,2051040,0,826,3,2051040,0,826,"[0, 0, 0, 0]","[0, 0, 0, 0]",194,0,c2de0024
200,TreKP_SeT11A_001,6,0,0,7146,0,0,0,0,21,TreKP_SeT11A_001,7922816224942945807649970541667837184,0,0,,194,194,195,194,194,0,0,0,0,0,0,0,0,0,"[94031, 0, 0, 0]","[0, 0, 0, 0]",194,0,c2de0024
201,TreKP_SeT11A_002,6,0,0,7147,0,0,0,0,21,TreKP_SeT11A_002,7922816224942945807649970541667837184,0,0,,194,194,195,194,194,0,0,0,0,0,0,0,0,0,"[94032, 0, 0, 0]","[0, 0, 0, 0]",194,0,c2de0024
202,TreKP_SeT11A_003,6,0,0,7148,0,0,0,0,21,TreKP_SeT11A_003,7922816224942945807649970541667837184,0,0,,194,194,195,194,194,0,0,0,0,0,0,0,0,0,"[94033, 0, 0, 0]","[0, 0, 0, 0]",194,0,c2de0024
203,TreKP_SeT11A_004,6,0,0,7149,0,0,0,0,21,TreKP_SeT11A_004,7922816224942945807649970541667837184,0,0,,194,194,195,194,194,0,0,0,0,0,0,0,0,0,"[94034, 0, 0, 0]","[0, 0, 0, 0]",194,0,c2de0024
79,eTALK_B04S_0_1,1,5227,0,0,0,0,0,0,21,B04S_0_1,4faa6d5f49636f6e5479706500,1,0,,194,194,194,194,194,0,2,1004000,0,533,3,1004000,0,533,"[0, 0, 0, 0]","[0, 0, 0, 0]",194,0,c2de0024
272,eTALK_B04S_0_2,1,5227,0,0,0,0,0,0,21,B04S_0_2,21365120390899666725764934427904,1,0,,194,194,194,194,194,0,2,1004000,0,1174,3,1004000,0,1174,"[0, 0, 0, 0]","[0, 0, 0, 0]",194,0,c2de0024
130,Tlk_SeT11_F002_SeT11A_v1_1,1,10000193,0,0,0,0,0,0,21,Tlk_SeT11_F002_SeT11A,10827774776502509825823589033216,3,0,,194,194,194,194,194,0,0,0,0,0,0,0,0,0,"[0, 0, 0, 0]","[0, 0, 0, 0]",194,0,c2de0024
134,Tlk_SeT11_F003_SeT11A_v1_1,1,10000200,0,0,0,0,0,0,21,Tlk_SeT11_F003_SeT11A,11144687426559567176197764834560,1,0,,194,194,194,194,194,0,0,0,0,0,0,0,0,0,"[0, 0, 0, 0]","[0, 0, 0, 0]",194,0,c2de0024
274,Tlk_SeT11_F003_SeT11A_v1_2,1,10000574,0,0,0,0,0,0,21,Tlk_SeT11_F003_SeT11A,23028911803699217815229357384960,1,0,,194,194,194,194,194,0,0,0,0,0,0,0,0,0,"[0, 0, 0, 0]","[0, 0, 0, 0]",194,0,c2de0024
137,Tlk_SeT11_F005_SeT11A_v1_1,1,10000205,0,0,0,0,0,0,21,Tlk_SeT11_F005_SeT11A,11382371914102360188978396685568,1,0,,194,194,194,194,194,0,0,0,0,0,0,0,0,0,"[0, 0, 0, 0]","[0, 0, 0, 0]",194,0,c2de0024
275,Tlk_SeT11_F005_SeT11A_v1_2,1,10000575,0,0,0,0,0,0,21,Tlk_SeT11_F005_SeT11A,23187368128727746490416445285632,1,0,,194,194,194,194,194,0,0,0,0,0,0,0,0,0,"[0, 0, 0, 0]","[0, 0, 0, 0]",194,0,c2de0024
133,Tlk_SeT11_P002_SeT11A_v1_1,1,10000197,0,0,0,0,0,0,21,Tlk_SeT11_P002_SeT11A,11065459264045302838604220884224,1,0,,194,194,194,194,194,0,0,0,0,0,0,0,0,0,"[0, 0, 0, 0]","[0, 0, 0, 0]",194,0,c2de0024
135,Tlk_SeT11_P004_SeT11A_v1_1,1,10000202,0,0,0,0,0,0,21,Tlk_SeT11_P004_SeT11A,11223915589073831513791308784896,1,0,,194,194,194,194,194,0,0,0,0,0,0,0,0,0,"[0, 0, 0, 0]","[0, 0, 0, 0]",194,0,c2de0024
136,Tlk_SeT11_P005_SeT11A_v1_1,1,10000204,0,0,0,0,0,0,21,Tlk_SeT11_P005_SeT11A,11303143751588095851384852735232,4,0,,194,194,194,194,194,0,0,0,0,0,0,0,0,0,"[0, 0, 0, 0]","[0, 0, 0, 0]",194,0,c2de0024
276,Tlk_SeT11_P005_SeT11A_v1_2,1,10000576,0,0,0,0,0,0,21,Tlk_SeT11_P005_SeT11A,23345824453756275165603533186304,4,0,,194,194,194,194,194,0,0,0,0,0,0,0,0,0,"[0, 0, 0, 0]","[0, 0, 0, 0]",194,0,c2de0024
129,Tlk_SeT11_W002_SeT11A_v1_1,1,10000192,0,0,0,0,0,0,21,Tlk_SeT11_W002_SeT11A,10748546613988245488230045082880,3,0,,194,194,194,194,194,0,0,0,0,0,0,0,0,0,"[0, 0, 0, 0]","[0, 0, 0, 0]",194,0,c2de0024
190,Tlk_SeT11_W002_SeT11A_v1_2,1,10000354,0,0,0,0,0,0,21,Tlk_SeT11_W002_SeT11A,16690658802558070807745841358080,3,0,,194,194,194,194,194,0,0,0,0,0,0,0,0,0,"[0, 0, 0, 0]","[0, 0, 0, 0]",194,0,c2de0024
131,Tlk_SeT11_W004_SeT11A_v1_1,1,10000195,0,0,0,0,0,0,21,Tlk_SeT11_W004_SeT11A,10907002939016774163417132983552,1,0,,194,194,194,194,194,0,0,0,0,0,0,0,0,0,"[0, 0, 0, 0]","[0, 0, 0, 0]",194,0,c2de0024
191,Tlk_SeT11_W004_SeT11A_v1_2,1,10000356,0,0,0,0,0,0,21,Tlk_SeT11_W004_SeT11A,16849115127586599482932929258752,1,0,,194,194,194,194,194,0,0,0,0,0,0,0,0,0,"[0, 0, 0, 0]","[0, 0, 0, 0]",194,0,c2de0024
132,Tlk_SeT11_W005_SeT11A_v1_1,1,10000196,0,0,0,0,0,0,21,Tlk_SeT11_W005_SeT11A,10986231101531038501010676933888,1,0,,194,194,194,194,194,0,0,0,0,0,0,0,0,0,"[0, 0, 0, 0]","[0, 0, 0, 0]",194,0,c2de0024
192,Tlk_SeT11_W005_SeT11A_v1_2,1,10000357,0,0,0,0,0,0,21,Tlk_SeT11_W005_SeT11A,17007571452615128158120017159424,1,0,,194,194,194,194,194,0,0,0,0,0,0,0,0,0,"[0, 0, 0, 0]","[0, 0, 0, 0]",194,0,c2de0024
138,Tlk_SeT11_W008_SeT11A_v1_1,1,10000206,0,0,0,0,0,0,21,Tlk_SeT11_W008_SeT11A,11461600076616624526571940635904,3,0,,194,194,194,194,194,0,0,0,0,0,0,0,0,0,"[0, 0, 0, 0]","[0, 0, 0, 0]",194,0,c2de0024
270,Tlk_UniqueF_Rondo_SeT11A_v1_1,1,10000438,0,0,0,0,0,0,21,Tlk_UniqueF_Rondo_SeT11A,20652066928271287687423038874880,4,0,,194,194,194,194,194,0,3,1004090,0,922,2,1007000,0,999,"[0, 0, 0, 0]","[0, 0, 0, 0]",194,0,c2de0024
273,Tlk_UniqueW_Martomolo2_SeT11A_v1_1,1,10000550,0,0,0,0,0,0,21,Tlk_UniqueW_Martomolo2_SeT11A,21761261203470988413732654179584,3,0,,194,194,194,194,194,0,0,0,0,0,0,0,0,0,"[0, 0, 0, 0]","[0, 0, 0, 0]",194,0,c2de0024
285,Tlk_UniqueW_Martomolo2_SeT11A_v1_2,1,10000593,0,0,0,0,0,0,21,Tlk_UniqueW_Martomolo2_SeT11A,24217334241413182879132516640000,3,0,,194,194,194,194,194,0,0,0,0,0,0,0,0,0,"[0, 0, 0, 0]","[0, 0, 0, 0]",194,0,c2de0024
80,Tlk_NPC_TrcKnt01_SeT11A_v1,1,80093,0,0,0,0,0,0,21,Tlk_NPC_TrcKnt01_SeT11A,50aa6d5f49636f6e5479706500,3,0,,194,194,194,194,194,0,0,0,0,0,3,1006020,0,997,"[3815, 0, 0, 0]","[0, 0, 0, 0]",194,0,c2de0024
295,Tlk_NPC_TrcKnt01_SeT11A_v2,1,80093,0,0,0,0,0,0,21,Tlk_NPC_TrcKnt01_SeT11A,26831863604383906019719467001088,3,0,,194,194,194,194,194,0,3,1006020,0,997,3,1006030,0,998,"[0, 0, 0, 0]","[0, 0, 0, 0]",194,0,c2de0024
195,Tlk_Cmn_Sea_Sld1_SeT11A_v1,1,80063,0,0,0,0,0,0,21,Tlk_Cmn_Sea_Sld1_SeT11A,17324484102672185508494192960768,4,0,,194,194,194,194,194,0,0,0,0,0,0,0,0,0,"[0, 0, 0, 0]","[0, 0, 0, 0]",194,0,c2de0024
82,Tlk_SeT11_F001_bar_SeT11A_v1,4,10000031,0,0,0,0,0,0,21,Tlk_SeT11_F001_bar_SeT11A,56aa6d5f49636f6e5479706500,1,0,,194,194,194,194,194,0,0,0,0,0,0,0,0,0,"[0, 0, 0, 0]","[0, 0, 0, 0]",194,0,c2de0024
194,Tlk_SeT11_hd_SeT11A_v1,15,10000264,0,0,0,0,0,0,21,Tlk_SeT11_hd_SeT11A,20810523253299816362610126775552,3,0,,194,194,194,194,194,0,0,0,0,0,0,0,0,0,"[30093, 0, 0, 0]","[0, 0, 0, 0]",194,0,c2de0024
81,Tlk_SeT11_P001_inn_SeT11A_v1,2,10000033,0,0,0,0,0,0,21,Tlk_SeT11_P001_inn_SeT11A,55aa6d5f49636f6e5479706500,1,0,,194,194,194,194,194,0,0,0,0,0,0,0,0,0,"[0, 0, 0, 0]","[0, 0, 0, 0]",194,0,c2de0024
83,Tlk_SeT11_W001_smt_SeT11A_v1,3,10000032,0,0,0,0,0,0,21,Tlk_SeT11_W001_smt_SeT11A,57aa6d5f49636f6e5479706500,1,0,,194,194,194,194,194,0,0,0,0,0,0,0,0,0,"[0, 0, 0, 0]","[0, 0, 0, 0]",194,0,c2de0024
221,Pnl_SeT11A_Npc001_v1,1,80038,0,0,0,0,0,0,21,Pnl_SeT11A_Npc001,7922816224942945807649970541667837184,4,0,,194,194,194,194,194,0,0,0,0,0,0,0,0,0,"[0, 0, 0, 0]","[0, 0, 0, 0]",194,0,c2de0024
222,Pnl_SeT11A_Npc002_v1,1,80059,0,0,0,0,0,0,21,Pnl_SeT11A_Npc002,7922816224942945807649970541667837184,3,0,,194,194,194,194,194,0,0,0,0,0,0,0,0,0,"[0, 0, 0, 0]","[0, 0, 0, 0]",194,0,c2de0024
223,Pnl_SeT11A_Npc003_v1,1,80031,0,0,0,0,0,0,21,Pnl_SeT11A_Npc003,7922816224942945807649970541667837184,2,0,,194,194,194,194,194,0,0,0,0,0,0,0,0,0,"[0, 0, 0, 0]","[0, 0, 0, 0]",194,0,c2de0024
224,Pnl_SeT11A_Npc004_v1,1,80065,0,0,0,0,0,0,21,Pnl_SeT11A_Npc004,7922816224942945807649970541667837184,1,0,,194,194,194,194,194,0,0,0,0,0,0,0,0,0,"[0, 0, 0, 0]","[0, 0, 0, 0]",194,0,c2de0024
225,Pnl_SeT11A_Npc005_v1,1,80119,0,0,0,0,0,0,21,Pnl_SeT11A_Npc005,7922816224942945807649970541667837184,4,0,,194,194,194,194,194,0,0,0,0,0,0,0,0,0,"[0, 0, 0, 0]","[0, 0, 0, 0]",194,0,c2de0024
226,Pnl_SeT11A_Npc006_v1,1,80126,0,0,0,0,0,0,21,Pnl_SeT11A_Npc006,7922816224942945807649970541667837184,1,0,,194,194,194,194,194,0,0,0,0,0,3,1006030,0,1930,"[0, 0, 0, 0]","[0, 0, 0, 0]",194,0,c2de0024
231,Pnl_SeT11A_Npc011_v1,1,80117,0,0,0,0,0,0,21,Pnl_SeT11A_Npc011,7922816224942945807649970541667837184,2,0,,194,194,194,194,194,0,0,0,0,0,0,0,0,0,"[0, 0, 0, 0]","[0, 0, 0, 0]",194,0,c2de0024
232,Pnl_SeT11A_Npc012_v1,1,10000378,0,0,0,0,0,0,21,Pnl_SeT11A_Npc012,7922816224942945807649970541667837184,3,0,,194,194,194,194,194,0,0,0,0,0,2,2037010,0,189,"[0, 0, 0, 0]","[0, 0, 0, 0]",194,0,c2de0024
271,Pnl_SeT11A_Npc012_v2,1,10000378,0,0,0,0,0,0,21,Pnl_SeT11A_Npc012,7922816224942945807649970541667837184,3,0,,194,194,194,194,194,0,3,2037040,0,770,0,0,0,0,"[0, 0, 0, 0]","[0, 0, 0, 0]",194,0,c2de0024
234,Pnl_SeT11A_Npc014_v1,1,80040,0,0,0,0,0,0,21,Pnl_SeT11A_Npc014,7922816224942945807649970541667837184,3,0,,194,194,194,194,194,0,0,0,0,0,0,0,0,0,"[0, 0, 0, 0]","[0, 0, 0, 0]",194,0,c2de0024
235,Pnl_SeT11A_Npc015_v1,1,80045,0,0,0,0,0,0,21,Pnl_SeT11A_Npc015,7922816224942945807649970541667837184,1,0,,194,194,194,194,194,0,0,0,0,0,0,0,0,0,"[0, 0, 0, 0]","[0, 0, 0, 0]",194,0,c2de0024
238,Pnl_SeT11A_Npc018_v1,1,10000070,0,0,0,0,0,0,21,Pnl_SeT11A_Npc018,7922816224942945807649970541667837184,3,0,,194,194,194,194,194,0,0,0,0,0,0,0,0,0,"[0, 0, 0, 0]","[0, 0, 0, 0]",194,0,c2de0024
239,Pnl_SeT11A_Npc019_v1,1,80114,0,0,0,0,0,0,21,Pnl_SeT11A_Npc019,7922816224942945807649970541667837184,4,0,,194,194,194,194,194,0,0,0,0,0,0,0,0,0,"[0, 0, 0, 0]","[0, 0, 0, 0]",194,0,c2de0024
240,Pnl_SeT11A_Npc020_v1,1,10000380,0,0,0,0,0,0,21,Pnl_SeT11A_Npc020,7922816224942945807649970541667837184,4,0,,194,194,194,194,194,0,0,0,0,0,0,0,0,0,"[0, 0, 0, 0]","[0, 0, 0, 0]",194,0,c2de0024
241,Pnl_SeT11A_Npc021_v1,1,80062,0,0,0,0,0,0,21,Pnl_SeT11A_Npc021,7922816224942945807649970541667837184,4,0,,194,194,194,194,194,0,0,0,0,0,0,0,0,0,"[0, 0, 0, 0]","[0, 0, 0, 0]",194,0,c2de0024
242,Pnl_SeT11A_Npc022_v1,1,80058,0,0,0,0,0,0,21,Pnl_SeT11A_Npc022,7922816224942945807649970541667837184,3,0,,194,194,194,194,194,0,0,0,0,0,0,0,0,0,"[0, 0, 0, 0]","[0, 0, 0, 0]",194,0,c2de0024
243,Pnl_SeT11A_Npc023_v1,1,80061,0,0,0,0,0,0,21,Pnl_SeT11A_Npc023,7922816224942945807649970541667837184,1,0,,194,194,194,194,194,0,0,0,0,0,0,0,0,0,"[0, 0, 0, 0]","[0, 0, 0, 0]",194,0,c2de0024
246,Pnl_SeT11A_Npc026_v1,1,80044,0,0,0,0,0,0,21,Pnl_SeT11A_Npc026,7922816224942945807649970541667837184,4,0,,194,194,194,194,194,0,0,0,0,0,0,0,0,0,"[0, 0, 0, 0]","[0, 0, 0, 0]",194,0,c2de0024
247,Pnl_SeT11A_Npc027_v1,1,80035,0,0,0,0,0,0,21,Pnl_SeT11A_Npc027,7922816224942945807649970541667837184,3,0,,194,194,194,194,194,0,0,0,0,0,0,0,0,0,"[0, 0, 0, 0]","[0, 0, 0, 0]",194,0,c2de0024
196,TreBx_SeT11A_001,6,0,0,3044,0,0,0,0,21,TreBx_SeT11A_001,7922816224942945807649970541667837184,0,0,,194,194,194,194,194,0,0,0,0,0,0,0,0,0,"[0, 0, 0, 0]","[0, 0, 0, 0]",194,0,c2de0024
197,TreBx_SeT11A_002,6,0,0,3045,0,0,0,0,21,TreBx_SeT11A_002,7922816224942945807649970541667837184,0,0,,194,194,194,194,194,0,0,0,0,0,0,0,0,0,"[0, 0, 0, 0]","[0, 0, 0, 0]",194,0,c2de0024
198,TreBx_SeT11A_003,6,0,0,3046,0,0,0,0,21,TreBx_SeT11A_003,7922816224942945807649970541667837184,0,0,,194,194,194,194,194,0,0,0,0,0,0,0,0,0,"[0, 0, 0, 0]","[0, 0, 0, 0]",194,0,c2de0024
199,TreBx_SeT11A_004,6,0,0,3047,0,0,0,0,21,TreBx_SeT11A_004,7922816224942945807649970541667837184,0,0,,194,194,194,194,194,0,0,0,0,0,0,0,0,0,"[0, 0, 0, 0]","[0, 0, 0, 0]",194,0,c2de0024
300,Tlk_SeT11_W009_SeT11A_v1_1,1,10000938,0,0,0,0,0,0,21,Tlk_SeT11_W009_SeT11A,29050252154783307472338697610496,3,1,,194,194,194,194,194,0,0,0,0,0,1,5000050,0,0,"[0, 0, 0, 0]","[0, 0, 0, 0]",194,0,c2de0024
301,Tlk_SeT11_W009_SeT11A_v2_1,1,10000938,0,0,0,0,0,0,21,Tlk_SeT11_W009_SeT11A,29287936642326100485119329461504,3,1,,194,194,194,194,194,0,1,5000050,0,0,3,5000050,0,1736,"[0, 0, 0, 0]","[0, 0, 0, 0]",194,0,c2de0024
302,QuTr_PC070_01_01,1,1070,0,0,0,0,0,0,21,QuTr_PC070_01_01,29763305617411686510680593163520,1,1,,194,194,194,194,194,0,1,2070010,0,0,2,2070010,0,1515,"[0, 0, 0, 0]","[0, 0, 0, 0]",194,0,c2de0024
303,QuTr_PC070_01_02,1,10000653,0,0,0,0,0,0,21,QuTr_PC070_01_02,29842533779925950848274137113856,1,0,,194,194,194,194,194,0,2,2070010,0,1515,3,2070010,0,1515,"[0, 0, 0, 0]","[0, 0, 0, 0]",194,0,c2de0024
304,QuTr_PC070_04_03,1,10000653,0,0,0,0,0,0,21,QuTr_PC070_04_03,29921761942440215185867681064192,1,0,,194,194,194,194,194,0,2,2070040,0,1523,3,2070040,0,1523,"[0, 0, 0, 0]","[0, 0, 0, 0]",194,0,c2de0024
313,QuTr_PC071_04_01,1,10000653,0,0,0,0,0,0,21,QuTr_PC071_04_01,30793271730097122899396664517888,1,1,,194,194,194,194,194,0,1,2071040,0,0,2,2071040,0,2443,"[0, 0, 0, 0]","[0, 0, 0, 0]",194,0,c2de0024
314,QuTr_PC071_04_02,1,10000653,0,0,0,0,0,0,21,QuTr_PC071_04_02,30872499892611387236990208468224,1,1,,194,194,194,194,194,0,2,2071040,0,2443,3,2071040,0,2443,"[0, 0, 0, 0]","[0, 0, 0, 0]",194,0,194
