m_id,m_QuestCategory,m_QuestSubCategory,m_SortPriority,m_Chapter,m_HideChapter,m_HideReward,m_HideBossSilhouette,m_BossSilhouetteTexId,m_HideBossSilhouetteOnClear,m_BossSilhouetteTexIdOnClear,m_EnableReorder,m_InfluenceType,m_JobType,m_ScenarioPlayerID,m_Title,m_SubTitle,m_Synopsis,m_BeforeAccept,m_ScenarioProgress,m_ShowToBeContinued,m_RecommLv,m_RecommNeedProg,m_Influence,m_RewardType,m_RewardItemId,m_RewardItemNum,m_RewardOption0,m_ToBeContinued
0,1,0,0,0,194,194,194,0,194,0,194,0,0,0,0,0,0,0,0,194,"[0, 0, 0]","[0, 0]","[0, 0, 0]","[0, 0, 0, 0]","[0, 0, 0, 0]","[0, 0, 0, 0]","[0, 0, 0, 0]",0
1001010,1,1,10010,2,194,194,194,0,194,0,194,1,0,0,10100001,10101002,10101003,0,1,194,"[6, 10, 12]","[1, 2]","[100, 0, 0]","[0, 0, 0, 0]","[0, 0, 0, 0]","[0, 0, 0, 0]","[0, 0, 0, 0]",0
1001020,1,1,10020,3,194,194,194,0,194,0,194,1,0,0,10100001,10102002,10102003,0,10,194,"[14, 16, 18]","[11, 22]","[110, 0, 0]","[0, 0, 0, 0]","[0, 0, 0, 0]","[0, 0, 0, 0]","[0, 0, 0, 0]",0
1001030,1,1,10030,4,194,194,194,0,194,0,194,1,0,0,10100001,10103002,10103003,0,100,194,"[20, 21, 22]","[111, 222]","[120, 0, 0]","[0, 0, 0, 0]","[0, 0, 0, 0]","[0, 0, 0, 0]","[0, 0, 0, 0]",0
1002010,1,2,20010,2,194,194,194,0,194,0,194,2,0,0,10200001,10201002,10201003,0,1,194,"[6, 10, 12]","[1, 2]","[0, 100, 0]","[0, 0, 0, 0]","[0, 0, 0, 0]","[0, 0, 0, 0]","[0, 0, 0, 0]",0
1002020,1,2,20020,3,194,194,194,0,194,0,194,2,0,0,10200001,10202002,10202003,0,10,194,"[14, 16, 18]","[11, 22]","[0, 110, 0]","[0, 0, 0, 0]","[0, 0, 0, 0]","[0, 0, 0, 0]","[0, 0, 0, 0]",0
1002030,1,2,20030,4,194,194,194,0,194,0,194,2,0,0,10200001,10203002,10203003,0,100,194,"[20, 21, 22]","[111, 222]","[0, 120, 0]","[0, 0, 0, 0]","[0, 0, 0, 0]","[0, 0, 0, 0]","[0, 0, 0, 0]",0
1003010,1,3,30010,2,194,194,194,0,194,0,194,3,0,0,10300001,10301002,10301003,0,1,194,"[5, 10, 12]","[1, 2]","[0, 0, 100]","[0, 0, 0, 0]","[0, 0, 0, 0]","[0, 0, 0, 0]","[0, 0, 0, 0]",0
1003020,1,3,30020,3,194,194,194,0,194,0,194,3,0,0,10300001,10302002,10302003,0,10,194,"[14, 16, 18]","[11, 22]","[0, 0, 110]","[0, 0, 0, 0]","[0, 0, 0, 0]","[0, 0, 0, 0]","[0, 0, 0, 0]",0
1003030,1,3,30030,4,194,194,194,0,194,0,194,3,0,0,10300001,10303002,10303003,0,100,194,"[20, 21, 22]","[111, 222]","[0, 0, 120]","[0, 0, 0, 0]","[0, 0, 0, 0]","[0, 0, 0, 0]","[0, 0, 0, 0]",0
1004000,1,4,40010,1,195,194,195,0,195,0,194,0,0,0,10400001,10400002,10400003,0,1000,194,"[25, 25, 25]","[0, 0]","[120, 120, 120]","[0, 0, 0, 0]","[0, 0, 0, 0]","[0, 0, 0, 0]","[0, 0, 0, 0]",0
1004010,1,4,40020,2,194,194,194,0,194,0,194,0,0,0,10401001,10401012,10401013,0,1000,194,"[30, 30, 30]","[0, 0]","[120, 120, 120]","[0, 0, 0, 0]","[0, 0, 0, 0]","[0, 0, 0, 0]","[0, 0, 0, 0]",0
1004020,1,4,40030,3,194,194,194,0,194,0,194,0,0,0,10401001,10402022,10402023,0,1000,194,"[35, 35, 35]","[0, 0]","[130, 130, 130]","[0, 0, 0, 0]","[0, 0, 0, 0]","[0, 0, 0, 0]","[0, 0, 0, 0]",0
1004030,1,4,40040,4,194,194,194,0,194,0,194,0,0,0,10401001,10403032,10403033,0,1000,194,"[40, 40, 40]","[0, 0]","[140, 140, 140]","[0, 0, 0, 0]","[0, 0, 0, 0]","[0, 0, 0, 0]","[0, 0, 0, 0]",0
1004040,1,4,40050,5,194,194,194,0,194,0,194,0,0,0,10401001,10404042,10404043,0,1000,194,"[42, 42, 42]","[0, 0]","[150, 150, 150]","[0, 0, 0, 0]","[0, 0, 0, 0]","[0, 0, 0, 0]","[0, 0, 0, 0]",0
1004050,1,4,40060,6,194,194,194,0,194,0,194,0,0,0,10401001,10405052,10405053,0,1000,194,"[50, 50, 50]","[0, 0]","[160, 160, 160]","[0, 0, 0, 0]","[0, 0, 0, 0]","[0, 0, 0, 0]","[0, 0, 0, 0]",0
1004060,1,4,40070,7,194,194,194,0,194,0,194,0,0,0,10401001,10406062,10406063,0,1000,194,"[52, 52, 52]","[0, 0]","[170, 170, 170]","[0, 0, 0, 0]","[0, 0, 0, 0]","[0, 0, 0, 0]","[0, 0, 0, 0]",0
1004070,1,4,40080,8,194,194,194,0,194,0,194,0,0,0,10401001,10407072,10407073,0,1000,194,"[60, 60, 60]","[0, 0]","[180, 180, 180]","[0, 0, 0, 0]","[0, 0, 0, 0]","[0, 0, 0, 0]","[0, 0, 0, 0]",0
1004080,1,4,40090,9,194,194,194,0,194,0,194,0,0,0,10401001,10408082,10408083,0,1000,194,"[65, 65, 65]","[0, 0]","[200, 200, 200]","[0, 0, 0, 0]","[0, 0, 0, 0]","[0, 0, 0, 0]","[0, 0, 0, 0]",0
1004090,1,4,40100,10,195,194,195,0,195,0,194,0,0,0,10409091,10409092,10409093,0,1000,195,"[65, 65, 65]","[0, 0]","[200, 200, 200]","[0, 0, 0, 0]","[0, 0, 0, 0]","[0, 0, 0, 0]","[0, 0, 0, 0]",1
1004100,1,4,40110,11,195,194,195,0,195,0,194,0,0,0,10410101,10410102,10410103,0,1000,194,"[65, 65, 65]","[0, 0]","[100, 100, 100]","[0, 0, 0, 0]","[0, 0, 0, 0]","[0, 0, 0, 0]","[0, 0, 0, 0]",0
1005000,1,5,50010,1,194,194,195,0,195,0,194,1,0,0,10500001,10500002,10500003,0,10000,195,"[62, 62, 62]","[0, 0]","[220, 0, 0]","[0, 0, 0, 0]","[0, 0, 0, 0]","[0, 0, 0, 0]","[0, 0, 0, 0]",1
1005010,1,5,50020,2,194,194,195,0,194,0,194,1,0,0,10500001,10501002,10501003,0,10000,195,"[63, 63, 63]","[0, 0]","[240, 0, 0]","[0, 0, 0, 0]","[0, 0, 0, 0]","[0, 0, 0, 0]","[0, 0, 0, 0]",1
1005020,1,5,50030,3,194,194,194,0,194,0,194,1,0,0,10500001,212004057,212004058,0,100000,195,"[66, 66, 66]","[0, 0]","[260, 0, 0]","[0, 0, 0, 0]","[0, 0, 0, 0]","[0, 0, 0, 0]","[0, 0, 0, 0]",1
1006000,1,6,60010,1,194,194,195,0,194,0,194,2,0,0,10600001,10600002,10600003,0,10000,195,"[62, 62, 62]","[0, 0]","[0, 220, 0]","[0, 0, 0, 0]","[0, 0, 0, 0]","[0, 0, 0, 0]","[0, 0, 0, 0]",1
1006010,1,6,60020,2,194,194,194,0,194,0,194,2,0,0,10600001,10601002,10601003,0,10000,195,"[64, 64, 64]","[0, 0]","[0, 240, 0]","[0, 0, 0, 0]","[0, 0, 0, 0]","[0, 0, 0, 0]","[0, 0, 0, 0]",1
1006020,1,6,60030,3,194,194,194,0,194,0,194,2,0,0,10600001,212004061,212004062,0,100000,195,"[68, 68, 68]","[0, 0]","[0, 260, 0]","[0, 0, 0, 0]","[0, 0, 0, 0]","[0, 0, 0, 0]","[0, 0, 0, 0]",1
1007000,1,7,70010,1,194,194,195,0,195,0,194,3,0,0,10700001,10700002,10700003,0,10000,195,"[62, 62, 62]","[0, 0]","[0, 0, 220]","[0, 0, 0, 0]","[0, 0, 0, 0]","[0, 0, 0, 0]","[0, 0, 0, 0]",1
1007010,1,7,70020,2,194,194,195,0,195,0,194,3,0,0,10700001,10701002,10701003,0,10000,195,"[65, 65, 65]","[0, 0]","[0, 0, 240]","[0, 0, 0, 0]","[0, 0, 0, 0]","[0, 0, 0, 0]","[0, 0, 0, 0]",1
2001010,2,1,6001010,1,194,194,194,0,194,0,194,1,4,1,200101011,200101012,200101013,0,0,194,"[18, 18, 18]","[0, 0]","[20, 0, 0]","[100, 210, 0, 0]","[0, 50207, 0, 0]","[5, 1, 0, 0]","[0, 0, 0, 0]",0
2001020,2,1,6001010,2,194,194,194,0,194,0,194,1,4,1,200102011,200102012,200102013,0,0,194,"[19, 19, 19]","[0, 0]","[0, 0, 0]","[100, 210, 255, 0]","[0, 50207, 1, 0]","[5, 1, 20, 0]","[0, 0, 0, 0]",0
2001030,2,1,6001010,3,194,194,194,0,194,0,194,1,4,1,200103011,200103012,200103013,0,0,194,"[20, 20, 20]","[0, 0]","[0, 0, 0]","[100, 210, 255, 0]","[0, 50207, 1, 0]","[5, 1, 20, 0]","[0, 0, 0, 0]",0
2001040,2,1,6001010,4,194,194,194,0,194,0,194,1,4,1,200104011,200104012,200104013,0,0,194,"[21, 21, 21]","[0, 0]","[0, 0, 0]","[100, 210, 255, 0]","[0, 50207, 1, 0]","[5, 1, 20, 0]","[0, 0, 0, 0]",0
2002010,2,2,6002010,1,194,194,194,0,194,0,194,3,1,2,200201011,200201012,200201013,0,0,194,"[32, 32, 32]","[0, 0]","[0, 0, 20]","[100, 210, 0, 0]","[0, 50208, 0, 0]","[5, 1, 0, 0]","[0, 0, 0, 0]",0
2002020,2,2,6002010,2,194,194,194,0,194,0,194,3,1,2,200202011,200202012,200202013,0,0,194,"[33, 33, 33]","[0, 0]","[0, 0, 0]","[100, 210, 255, 0]","[0, 50208, 2, 0]","[5, 1, 20, 0]","[0, 0, 0, 0]",0
2002030,2,2,6002010,3,194,194,194,0,194,0,194,3,1,2,200203011,200203012,200203013,0,0,194,"[34, 34, 34]","[0, 0]","[0, 0, 0]","[100, 210, 255, 0]","[0, 50208, 2, 0]","[5, 1, 20, 0]","[0, 0, 0, 0]",0
2002040,2,2,6002010,4,194,194,194,0,194,0,194,3,1,2,200204011,200204012,200204013,0,0,194,"[35, 35, 35]","[0, 0]","[0, 0, 0]","[100, 210, 255, 0]","[0, 50208, 2, 0]","[5, 1, 20, 0]","[0, 0, 0, 0]",0
2003010,2,3,6003010,1,194,194,194,0,194,0,194,3,6,3,200301011,200301012,200301013,0,0,194,"[55, 55, 55]","[0, 0]","[0, 0, 20]","[100, 210, 0, 0]","[0, 50209, 0, 0]","[5, 1, 0, 0]","[0, 0, 0, 0]",0
2003020,2,3,6003010,2,194,194,194,0,194,0,194,3,6,3,200302011,200302012,200302013,0,0,194,"[56, 56, 56]","[0, 0]","[0, 0, 0]","[100, 210, 255, 0]","[0, 50209, 3, 0]","[5, 1, 20, 0]","[0, 0, 0, 0]",0
2003030,2,3,6003010,3,194,194,194,0,194,0,194,3,6,3,200303011,200303012,200303013,0,0,194,"[57, 57, 57]","[0, 0]","[0, 0, 0]","[100, 210, 255, 0]","[0, 50209, 3, 0]","[5, 1, 20, 0]","[0, 0, 0, 0]",0
2003040,2,3,6003010,4,194,194,194,0,194,0,194,3,6,3,200304011,200304012,200304013,0,0,194,"[58, 58, 58]","[0, 0]","[0, 0, 0]","[100, 210, 255, 0]","[0, 50209, 3, 0]","[5, 1, 20, 0]","[0, 0, 0, 0]",0
2004010,2,4,6004010,1,194,194,194,0,194,0,194,2,7,4,200401011,200401012,200401013,0,0,194,"[45, 45, 45]","[0, 0]","[0, 20, 0]","[100, 210, 0, 0]","[0, 50206, 0, 0]","[5, 1, 0, 0]","[0, 0, 0, 0]",0
2004020,2,4,6004010,2,194,194,194,0,194,0,194,2,7,4,200402011,200402012,200402013,0,0,194,"[46, 46, 46]","[0, 0]","[0, 0, 0]","[100, 210, 255, 0]","[0, 50206, 4, 0]","[5, 1, 20, 0]","[0, 0, 0, 0]",0
2004030,2,4,6004010,3,194,194,194,0,194,0,194,2,7,4,200403011,200403012,200403013,0,0,194,"[47, 47, 47]","[0, 0]","[0, 0, 0]","[100, 210, 255, 0]","[0, 50206, 4, 0]","[5, 1, 20, 0]","[0, 0, 0, 0]",0
2004040,2,4,6004010,4,194,194,194,0,194,0,194,2,7,4,200404011,200404012,200404013,0,0,194,"[48, 48, 48]","[0, 0]","[0, 0, 0]","[100, 210, 255, 0]","[0, 50206, 4, 0]","[5, 1, 20, 0]","[0, 0, 0, 0]",0
2005010,2,5,6005010,1,194,194,194,0,194,0,194,3,5,5,200501011,200501012,200501013,0,0,194,"[18, 18, 18]","[0, 0]","[0, 0, 20]","[100, 210, 0, 0]","[0, 50207, 0, 0]","[5, 1, 0, 0]","[0, 0, 0, 0]",0
2005020,2,5,6005010,2,194,194,194,0,194,0,194,3,5,5,200502011,200502012,200502013,0,0,194,"[19, 19, 19]","[0, 0]","[0, 0, 0]","[100, 210, 255, 0]","[0, 50207, 5, 0]","[5, 1, 20, 0]","[0, 0, 0, 0]",0
2005030,2,5,6005010,3,194,194,194,0,194,0,194,3,5,5,200503011,200503012,200503013,0,0,194,"[20, 20, 20]","[0, 0]","[0, 0, 0]","[100, 210, 255, 0]","[0, 50207, 5, 0]","[5, 1, 20, 0]","[0, 0, 0, 0]",0
2005040,2,5,6005010,4,194,194,194,0,194,0,194,3,5,5,200504011,200504012,200504013,0,0,194,"[21, 21, 21]","[0, 0]","[0, 0, 0]","[100, 210, 255, 0]","[0, 50207, 5, 0]","[5, 1, 20, 0]","[0, 0, 0, 0]",0
2006010,2,6,6006010,1,194,194,194,0,194,0,194,1,3,6,200601011,200601012,200601013,0,0,194,"[47, 47, 47]","[0, 0]","[20, 0, 0]","[100, 210, 0, 0]","[0, 50209, 0, 0]","[5, 1, 0, 0]","[0, 0, 0, 0]",0
2006020,2,6,6006010,2,194,194,194,0,194,0,194,1,3,6,200602011,200602012,200602013,0,0,194,"[48, 48, 48]","[0, 0]","[0, 0, 0]","[100, 210, 255, 0]","[0, 50209, 6, 0]","[5, 1, 20, 0]","[0, 0, 0, 0]",0
2006030,2,6,6006010,3,194,194,194,0,194,0,194,1,3,6,200603011,200603012,200603013,0,0,194,"[49, 49, 49]","[0, 0]","[0, 0, 0]","[100, 210, 255, 0]","[0, 50209, 6, 0]","[5, 1, 20, 0]","[0, 0, 0, 0]",0
2006040,2,6,6006010,4,194,194,194,0,194,0,194,1,3,6,200604011,200604012,200604013,0,0,194,"[50, 50, 50]","[0, 0]","[0, 0, 0]","[100, 210, 255, 0]","[0, 50209, 6, 0]","[5, 1, 20, 0]","[0, 0, 0, 0]",0
2007010,2,7,6007010,1,194,194,194,0,194,0,194,2,2,7,200701011,200701012,200701013,0,0,194,"[18, 18, 18]","[0, 0]","[0, 20, 0]","[100, 210, 0, 0]","[0, 50207, 0, 0]","[5, 1, 0, 0]","[0, 0, 0, 0]",0
2007020,2,7,6007010,2,194,194,194,0,194,0,194,2,2,7,200702011,200702012,200702013,0,0,194,"[19, 19, 19]","[0, 0]","[0, 0, 0]","[100, 210, 255, 0]","[0, 50207, 7, 0]","[5, 1, 20, 0]","[0, 0, 0, 0]",0
2007030,2,7,6007010,3,194,194,194,0,194,0,194,2,2,7,200703011,200703012,200703013,0,0,194,"[20, 20, 20]","[0, 0]","[0, 0, 0]","[100, 210, 255, 0]","[0, 50207, 7, 0]","[5, 1, 20, 0]","[0, 0, 0, 0]",0
2007040,2,7,6007010,4,194,194,194,0,194,0,194,2,2,7,200704011,200704012,200704013,0,0,194,"[21, 21, 21]","[0, 0]","[0, 0, 0]","[100, 210, 255, 0]","[0, 50207, 7, 0]","[5, 1, 20, 0]","[0, 0, 0, 0]",0
2008010,2,8,6008010,1,194,194,194,0,194,0,194,2,8,8,200801011,200801012,200801013,0,0,194,"[35, 35, 35]","[0, 0]","[0, 20, 0]","[100, 210, 0, 0]","[0, 50206, 0, 0]","[5, 1, 0, 0]","[0, 0, 0, 0]",0
2008020,2,8,6008010,2,194,194,194,0,194,0,194,2,8,8,200802011,200802012,200802013,0,0,194,"[36, 36, 36]","[0, 0]","[0, 0, 0]","[100, 210, 255, 0]","[0, 50206, 8, 0]","[5, 1, 20, 0]","[0, 0, 0, 0]",0
2008030,2,8,6008010,3,194,194,194,0,194,0,194,2,8,8,200803011,200803012,200803013,0,0,194,"[37, 37, 37]","[0, 0]","[0, 0, 0]","[100, 210, 255, 0]","[0, 50206, 8, 0]","[5, 1, 20, 0]","[0, 0, 0, 0]",0
2008040,2,8,6008010,4,194,194,194,0,194,0,194,2,8,8,200804011,200804012,200804013,0,0,194,"[38, 38, 38]","[0, 0]","[0, 0, 0]","[100, 210, 255, 0]","[0, 50206, 8, 0]","[5, 1, 20, 0]","[0, 0, 0, 0]",0
2009010,2,9,6009010,1,194,194,194,0,194,0,194,1,3,9,200901011,200901012,200901013,0,0,194,"[12, 12, 12]","[0, 0]","[15, 0, 0]","[100, 210, 0, 0]","[0, 50204, 0, 0]","[5, 1, 0, 0]","[0, 0, 0, 0]",0
2009020,2,9,6009010,2,194,194,194,0,194,0,194,1,3,9,200902011,200902012,200902013,0,0,194,"[13, 13, 13]","[0, 0]","[0, 0, 0]","[100, 210, 255, 0]","[0, 50204, 9, 0]","[5, 1, 20, 0]","[0, 0, 0, 0]",0
2009030,2,9,6009010,3,194,194,194,0,194,0,194,1,3,9,200903011,200903012,200903013,0,0,194,"[14, 14, 14]","[0, 0]","[0, 0, 0]","[100, 210, 255, 0]","[0, 50204, 9, 0]","[5, 1, 20, 0]","[0, 0, 0, 0]",0
2009040,2,9,6009010,4,194,194,194,0,194,0,194,1,3,9,200904011,200904012,200904013,0,0,194,"[16, 16, 16]","[0, 0]","[0, 0, 0]","[100, 210, 255, 0]","[0, 50204, 9, 0]","[5, 1, 20, 0]","[0, 0, 0, 0]",0
2010010,2,10,6010010,1,194,194,194,0,194,0,194,3,3,10,201001011,201001012,201001013,0,0,194,"[12, 12, 12]","[0, 0]","[0, 0, 15]","[100, 210, 0, 0]","[0, 50204, 0, 0]","[5, 1, 0, 0]","[0, 0, 0, 0]",0
2010020,2,10,6010010,2,194,194,194,0,194,0,194,3,3,10,201002011,201002012,201002013,0,0,194,"[16, 16, 16]","[0, 0]","[0, 0, 0]","[100, 210, 255, 0]","[0, 50204, 10, 0]","[5, 1, 20, 0]","[0, 0, 0, 0]",0
2010030,2,10,6010010,3,194,194,194,0,194,0,194,3,3,10,201003011,201003012,201003013,0,0,194,"[14, 14, 14]","[0, 0]","[0, 0, 0]","[100, 210, 255, 0]","[0, 50204, 10, 0]","[5, 1, 20, 0]","[0, 0, 0, 0]",0
2010040,2,10,6010010,4,194,194,194,0,194,0,194,3,3,10,201004011,201004012,201004013,0,0,194,"[15, 15, 15]","[0, 0]","[0, 0, 0]","[100, 210, 255, 0]","[0, 50204, 10, 0]","[5, 1, 20, 0]","[0, 0, 0, 0]",0
2011010,2,11,6011010,1,194,194,194,0,194,0,194,2,3,11,201101011,201101012,201101013,0,0,194,"[12, 12, 12]","[0, 0]","[0, 15, 0]","[100, 210, 0, 0]","[0, 50204, 0, 0]","[5, 1, 0, 0]","[0, 0, 0, 0]",0
2011020,2,11,6011010,2,194,194,194,0,194,0,194,2,3,11,201102011,201102012,201102013,0,0,194,"[13, 13, 13]","[0, 0]","[0, 0, 0]","[100, 210, 255, 0]","[0, 50204, 11, 0]","[5, 1, 20, 0]","[0, 0, 0, 0]",0
2011030,2,11,6011010,3,194,194,194,0,194,0,194,2,3,11,201103011,201103012,201103013,0,0,194,"[14, 14, 14]","[0, 0]","[0, 0, 0]","[100, 210, 255, 0]","[0, 50204, 11, 0]","[5, 1, 20, 0]","[0, 0, 0, 0]",0
2011040,2,11,6011010,4,194,194,194,0,194,0,194,2,3,11,201104011,201104012,201104013,0,0,194,"[16, 16, 16]","[0, 0]","[0, 0, 0]","[100, 210, 255, 0]","[0, 50204, 11, 0]","[5, 1, 20, 0]","[0, 0, 0, 0]",0
2012010,2,12,6012010,1,194,194,194,0,194,0,194,1,7,12,201201011,201201012,201201013,0,0,194,"[12, 12, 12]","[0, 0]","[15, 0, 0]","[100, 210, 0, 0]","[0, 50204, 0, 0]","[5, 1, 0, 0]","[0, 0, 0, 0]",0
2012020,2,12,6012010,2,194,194,194,0,194,0,194,1,7,12,201202011,201202012,201202013,0,0,194,"[13, 13, 13]","[0, 0]","[0, 0, 0]","[100, 210, 255, 0]","[0, 50204, 12, 0]","[5, 1, 20, 0]","[0, 0, 0, 0]",0
2012030,2,12,6012010,3,194,194,194,0,194,0,194,1,7,12,201203011,201203012,201203013,0,0,194,"[14, 14, 14]","[0, 0]","[0, 0, 0]","[100, 210, 255, 0]","[0, 50204, 12, 0]","[5, 1, 20, 0]","[0, 0, 0, 0]",0
2012040,2,12,6012010,4,194,194,194,0,194,0,194,1,7,12,201204011,201204012,201204013,0,0,194,"[15, 15, 15]","[0, 0]","[0, 0, 0]","[100, 210, 255, 0]","[0, 50204, 12, 0]","[5, 1, 20, 0]","[0, 0, 0, 0]",0
2013010,2,13,6013010,1,194,194,194,0,194,0,194,1,4,13,201301011,201301012,201301013,0,0,194,"[32, 32, 32]","[0, 0]","[15, 0, 0]","[100, 210, 0, 0]","[0, 50208, 0, 0]","[5, 1, 0, 0]","[0, 0, 0, 0]",0
2013020,2,13,6013010,2,194,194,194,0,194,0,194,1,4,13,201302011,201302012,201302013,0,0,194,"[33, 33, 33]","[0, 0]","[0, 0, 0]","[100, 210, 255, 0]","[0, 50208, 13, 0]","[5, 1, 20, 0]","[0, 0, 0, 0]",0
2013030,2,13,6013010,3,194,194,194,0,194,0,194,1,4,13,201303011,201303012,201303013,0,0,194,"[34, 34, 34]","[0, 0]","[0, 0, 0]","[100, 210, 255, 0]","[0, 50208, 13, 0]","[5, 1, 20, 0]","[0, 0, 0, 0]",0
2013040,2,13,6013010,4,194,194,194,0,194,0,194,1,4,13,201304011,201304012,201304013,0,0,194,"[35, 35, 35]","[0, 0]","[0, 0, 0]","[100, 210, 255, 0]","[0, 50208, 13, 0]","[5, 1, 20, 0]","[0, 0, 0, 0]",0
2014010,2,14,6014010,1,194,194,194,0,194,0,194,3,4,14,201401011,201401012,201401013,0,0,194,"[12, 12, 12]","[0, 0]","[0, 0, 15]","[100, 210, 0, 0]","[0, 50204, 0, 0]","[5, 1, 0, 0]","[0, 0, 0, 0]",0
2014020,2,14,6014010,2,194,194,194,0,194,0,194,3,4,14,201402011,201402012,201402013,0,0,194,"[13, 13, 13]","[0, 0]","[0, 0, 0]","[100, 210, 255, 0]","[0, 50204, 14, 0]","[5, 1, 20, 0]","[0, 0, 0, 0]",0
2014030,2,14,6014010,3,194,194,194,0,194,0,194,3,4,14,201403011,201403012,201403013,0,0,194,"[14, 14, 14]","[0, 0]","[0, 0, 0]","[100, 210, 255, 0]","[0, 50204, 14, 0]","[5, 1, 20, 0]","[0, 0, 0, 0]",0
2014040,2,14,6014010,4,194,194,194,0,194,0,194,3,4,14,201404011,201404012,201404013,0,0,194,"[16, 16, 16]","[0, 0]","[0, 0, 0]","[100, 210, 255, 0]","[0, 50204, 14, 0]","[5, 1, 20, 0]","[0, 0, 0, 0]",0
2015010,2,15,6015010,1,194,194,194,0,194,0,194,2,4,15,201501011,201501012,201501013,0,0,194,"[12, 12, 12]","[0, 0]","[0, 15, 0]","[100, 210, 0, 0]","[0, 50204, 0, 0]","[5, 1, 0, 0]","[0, 0, 0, 0]",0
2015020,2,15,6015010,2,194,194,194,0,194,0,194,2,4,15,201502011,201502012,201502013,0,0,194,"[13, 13, 13]","[0, 0]","[0, 0, 0]","[100, 210, 255, 0]","[0, 50204, 15, 0]","[5, 1, 20, 0]","[0, 0, 0, 0]",0
2015030,2,15,6015010,3,194,194,194,0,194,0,194,2,4,15,201503011,201503012,201503013,0,0,194,"[14, 14, 14]","[0, 0]","[0, 0, 0]","[100, 210, 255, 0]","[0, 50204, 15, 0]","[5, 1, 20, 0]","[0, 0, 0, 0]",0
2015040,2,15,6015010,4,194,194,194,0,194,0,194,2,4,15,201504011,201504012,201504013,0,0,194,"[15, 15, 15]","[0, 0]","[0, 0, 0]","[100, 210, 255, 0]","[0, 50204, 15, 0]","[5, 1, 20, 0]","[0, 0, 0, 0]",0
2016010,2,16,6016010,1,194,194,194,0,194,0,194,3,6,16,201601011,201601012,201601013,0,0,194,"[52, 52, 52]","[0, 0]","[0, 0, 15]","[100, 210, 0, 0]","[0, 50209, 0, 0]","[5, 1, 0, 0]","[0, 0, 0, 0]",0
2016020,2,16,6016010,2,194,194,194,0,194,0,194,3,6,16,201602011,201602012,201602013,0,0,194,"[53, 53, 53]","[0, 0]","[0, 0, 0]","[100, 210, 255, 0]","[0, 50209, 16, 0]","[5, 1, 20, 0]","[0, 0, 0, 0]",0
2016030,2,16,6016010,3,194,194,194,0,194,0,194,3,6,16,201603011,201603012,201603013,0,0,194,"[54, 54, 54]","[0, 0]","[0, 0, 0]","[100, 210, 255, 0]","[0, 50209, 16, 0]","[5, 1, 20, 0]","[0, 0, 0, 0]",0
2016040,2,16,6016010,4,194,194,194,0,194,0,194,3,6,16,201604011,201604012,201604013,0,0,194,"[55, 55, 55]","[0, 0]","[0, 0, 0]","[100, 210, 255, 0]","[0, 50209, 16, 0]","[5, 1, 20, 0]","[0, 0, 0, 0]",0
2017010,2,17,6017010,1,194,194,194,0,194,0,194,1,1,17,201701011,201701012,201701013,0,0,194,"[29, 29, 29]","[0, 0]","[15, 0, 0]","[100, 210, 0, 0]","[0, 50208, 0, 0]","[5, 1, 0, 0]","[0, 0, 0, 0]",0
2017020,2,17,6017010,2,194,194,194,0,194,0,194,1,1,17,201702011,201702012,201702013,0,0,194,"[30, 30, 30]","[0, 0]","[0, 0, 0]","[100, 210, 255, 0]","[0, 50208, 17, 0]","[5, 1, 20, 0]","[0, 0, 0, 0]",0
2017030,2,17,6017010,3,194,194,194,0,194,0,194,1,1,17,201703011,201703012,201703013,0,0,194,"[31, 31, 31]","[0, 0]","[0, 0, 0]","[100, 210, 255, 0]","[0, 50208, 17, 0]","[5, 1, 20, 0]","[0, 0, 0, 0]",0
2017040,2,17,6017010,4,194,194,194,0,194,0,194,1,1,17,201704011,201704012,201704013,0,0,194,"[32, 32, 32]","[0, 0]","[0, 0, 0]","[100, 210, 255, 0]","[0, 50208, 17, 0]","[5, 1, 20, 0]","[0, 0, 0, 0]",0
2018010,2,18,6018010,1,194,194,194,0,194,0,194,3,1,18,201801011,201801012,201801013,0,0,194,"[44, 44, 44]","[0, 0]","[0, 0, 15]","[100, 210, 0, 0]","[0, 50206, 0, 0]","[5, 1, 0, 0]","[0, 0, 0, 0]",0
2018020,2,18,6018010,2,194,194,194,0,194,0,194,3,1,18,201802011,201802012,201802013,0,0,194,"[45, 45, 45]","[0, 0]","[0, 0, 0]","[100, 210, 255, 0]","[0, 50206, 18, 0]","[5, 1, 20, 0]","[0, 0, 0, 0]",0
2018030,2,18,6018010,3,194,194,194,0,194,0,194,3,1,18,201803011,201803012,201803013,0,0,194,"[46, 46, 46]","[0, 0]","[0, 0, 0]","[100, 210, 255, 0]","[0, 50206, 18, 0]","[5, 1, 20, 0]","[0, 0, 0, 0]",0
2018040,2,18,6018010,4,194,194,194,0,194,0,194,3,1,18,201804011,201804012,201804013,0,0,194,"[47, 47, 47]","[0, 0]","[0, 0, 0]","[100, 210, 255, 0]","[0, 50206, 18, 0]","[5, 1, 20, 0]","[0, 0, 0, 0]",0
2019010,2,19,6019010,1,194,194,194,0,194,0,194,2,1,19,201901011,201901012,201901013,0,0,194,"[52, 52, 52]","[0, 0]","[0, 15, 0]","[100, 210, 0, 0]","[0, 50209, 0, 0]","[5, 1, 0, 0]","[0, 0, 0, 0]",0
2019020,2,19,6019010,2,194,194,194,0,194,0,194,2,1,19,201902011,201902012,201902013,0,0,194,"[53, 53, 53]","[0, 0]","[0, 0, 0]","[100, 210, 255, 0]","[0, 50209, 19, 0]","[5, 1, 20, 0]","[0, 0, 0, 0]",0
2019030,2,19,6019010,3,194,194,194,0,194,0,194,2,1,19,201903011,201903012,201903013,0,0,194,"[54, 54, 54]","[0, 0]","[0, 0, 0]","[100, 210, 255, 0]","[0, 50209, 19, 0]","[5, 1, 20, 0]","[0, 0, 0, 0]",0
2019040,2,19,6019010,4,194,194,194,0,194,0,194,2,1,19,201904011,201904012,201904013,0,0,194,"[55, 55, 55]","[0, 0]","[0, 0, 0]","[100, 210, 255, 0]","[0, 50209, 19, 0]","[5, 1, 20, 0]","[0, 0, 0, 0]",0
2020010,2,20,6020010,1,194,194,194,0,194,0,194,2,5,20,202001011,202001012,202001013,0,0,194,"[42, 42, 42]","[0, 0]","[0, 15, 0]","[100, 210, 0, 0]","[0, 50206, 0, 0]","[5, 1, 0, 0]","[0, 0, 0, 0]",0
2020020,2,20,6020010,2,194,194,194,0,194,0,194,2,5,20,202002011,202002012,202002013,0,0,194,"[43, 43, 43]","[0, 0]","[0, 0, 0]","[100, 210, 255, 0]","[0, 50206, 20, 0]","[5, 1, 20, 0]","[0, 0, 0, 0]",0
2020030,2,20,6020010,3,194,194,194,0,194,0,194,2,5,20,202003011,202003012,202003013,0,0,194,"[44, 44, 44]","[0, 0]","[0, 0, 0]","[100, 210, 255, 0]","[0, 50206, 20, 0]","[5, 1, 20, 0]","[0, 0, 0, 0]",0
2020040,2,20,6020010,4,194,194,194,0,194,0,194,2,5,20,202004011,202004012,202004013,0,0,194,"[45, 45, 45]","[0, 0]","[0, 0, 0]","[100, 210, 255, 0]","[0, 50206, 20, 0]","[5, 1, 20, 0]","[0, 0, 0, 0]",0
2021010,2,21,6021010,1,194,194,194,0,194,0,194,1,6,21,202101011,202101012,202101013,0,0,194,"[32, 32, 32]","[0, 0]","[15, 0, 0]","[100, 210, 0, 0]","[0, 50208, 0, 0]","[5, 1, 0, 0]","[0, 0, 0, 0]",0
2021020,2,21,6021010,2,194,194,194,0,194,0,194,1,6,21,202102011,202102012,202102013,0,0,194,"[33, 33, 33]","[0, 0]","[0, 0, 0]","[100, 210, 255, 0]","[0, 50208, 21, 0]","[5, 1, 20, 0]","[0, 0, 0, 0]",0
2021030,2,21,6021010,3,194,194,194,0,194,0,194,1,6,21,202103011,202103012,202103013,0,0,194,"[34, 34, 34]","[0, 0]","[0, 0, 0]","[100, 210, 255, 0]","[0, 50208, 21, 0]","[5, 1, 20, 0]","[0, 0, 0, 0]",0
2021040,2,21,6021010,4,194,194,194,0,194,0,194,1,6,21,202104011,202104012,202104013,0,0,194,"[35, 35, 35]","[0, 0]","[0, 0, 0]","[100, 210, 255, 0]","[0, 50208, 21, 0]","[5, 1, 20, 0]","[0, 0, 0, 0]",0
2022010,2,22,6022010,1,194,194,194,0,194,0,194,2,1,22,202201011,202201012,202201013,0,0,194,"[12, 12, 12]","[0, 0]","[0, 15, 0]","[100, 210, 0, 0]","[0, 50204, 0, 0]","[5, 1, 0, 0]","[0, 0, 0, 0]",0
2022020,2,22,6022010,2,194,194,194,0,194,0,194,2,1,22,202202011,202202012,202202013,0,0,194,"[16, 16, 16]","[0, 0]","[0, 0, 0]","[100, 210, 255, 0]","[0, 50204, 22, 0]","[5, 1, 20, 0]","[0, 0, 0, 0]",0
2022030,2,22,6022010,3,194,194,194,0,194,0,194,2,1,22,202203011,202203012,202203013,0,0,194,"[14, 14, 14]","[0, 0]","[0, 0, 0]","[100, 210, 255, 0]","[0, 50204, 22, 0]","[5, 1, 20, 0]","[0, 0, 0, 0]",0
2022040,2,22,6022010,4,194,194,194,0,194,0,194,2,1,22,202204011,202204012,202204013,0,0,194,"[15, 15, 15]","[0, 0]","[0, 0, 0]","[100, 210, 255, 0]","[0, 50204, 22, 0]","[5, 1, 20, 0]","[0, 0, 0, 0]",0
2023010,2,23,6023010,1,194,194,194,0,194,0,194,2,6,23,202301011,202301012,202301013,0,0,194,"[12, 12, 12]","[0, 0]","[0, 15, 0]","[100, 210, 0, 0]","[0, 50204, 0, 0]","[5, 1, 0, 0]","[0, 0, 0, 0]",0
2023020,2,23,6023010,2,194,194,194,0,194,0,194,2,6,23,202302011,202302012,202302013,0,0,194,"[13, 13, 13]","[0, 0]","[0, 0, 0]","[100, 210, 255, 0]","[0, 50204, 23, 0]","[5, 1, 20, 0]","[0, 0, 0, 0]",0
2023030,2,23,6023010,3,194,194,194,0,194,0,194,2,6,23,202303011,202303012,202303013,0,0,194,"[14, 14, 14]","[0, 0]","[0, 0, 0]","[100, 210, 255, 0]","[0, 50204, 23, 0]","[5, 1, 20, 0]","[0, 0, 0, 0]",0
2023040,2,23,6023010,4,194,194,194,0,194,0,194,2,6,23,202304011,202304012,202304013,0,0,194,"[15, 15, 15]","[0, 0]","[0, 0, 0]","[100, 210, 255, 0]","[0, 50204, 23, 0]","[5, 1, 20, 0]","[0, 0, 0, 0]",0
2024010,2,24,6024010,1,194,194,194,0,194,0,194,1,6,24,202401011,202401012,202401013,0,0,194,"[12, 12, 12]","[0, 0]","[15, 0, 0]","[100, 210, 0, 0]","[0, 50204, 0, 0]","[5, 1, 0, 0]","[0, 0, 0, 0]",0
2024020,2,24,6024010,2,194,194,194,0,194,0,194,1,6,24,202402011,202402012,202402013,0,0,194,"[13, 13, 13]","[0, 0]","[0, 0, 0]","[100, 210, 255, 0]","[0, 50204, 24, 0]","[5, 1, 20, 0]","[0, 0, 0, 0]",0
2024030,2,24,6024010,3,194,194,194,0,194,0,194,1,6,24,202403011,202403012,202403013,0,0,194,"[14, 14, 14]","[0, 0]","[0, 0, 0]","[100, 210, 255, 0]","[0, 50204, 24, 0]","[5, 1, 20, 0]","[0, 0, 0, 0]",0
2024040,2,24,6024010,4,194,194,194,0,194,0,194,1,6,24,202404011,202404012,202404013,0,0,194,"[16, 16, 16]","[0, 0]","[0, 0, 0]","[100, 210, 255, 0]","[0, 50204, 24, 0]","[5, 1, 20, 0]","[0, 0, 0, 0]",0
2025010,2,25,6025010,1,194,194,194,0,194,0,194,3,3,25,202501011,202501012,202501013,0,0,194,"[32, 32, 32]","[0, 0]","[0, 0, 15]","[100, 210, 0, 0]","[0, 50208, 0, 0]","[5, 1, 0, 0]","[0, 0, 0, 0]",0
2025020,2,25,6025010,2,194,194,194,0,194,0,194,3,3,25,202502011,202502012,202502013,0,0,194,"[33, 33, 33]","[0, 0]","[0, 0, 0]","[100, 210, 255, 0]","[0, 50208, 25, 0]","[5, 1, 20, 0]","[0, 0, 0, 0]",0
2025030,2,25,6025010,3,194,194,194,0,194,0,194,3,3,25,202503011,202503012,202503013,0,0,194,"[34, 34, 34]","[0, 0]","[0, 0, 0]","[100, 210, 255, 0]","[0, 50208, 25, 0]","[5, 1, 20, 0]","[0, 0, 0, 0]",0
2025040,2,25,6025010,4,194,194,194,0,194,0,194,3,3,25,202504011,202504012,202504013,0,0,194,"[35, 35, 35]","[0, 0]","[0, 0, 0]","[100, 210, 255, 0]","[0, 50208, 25, 0]","[5, 1, 20, 0]","[0, 0, 0, 0]",0
2026010,2,26,6026010,1,194,194,194,0,194,0,194,2,7,26,202601011,202601012,202601013,0,0,194,"[32, 32, 32]","[0, 0]","[0, 15, 0]","[100, 210, 0, 0]","[0, 50208, 0, 0]","[5, 1, 0, 0]","[0, 0, 0, 0]",0
2026020,2,26,6026010,2,194,194,194,0,194,0,194,2,7,26,202602011,202602012,202602013,0,0,194,"[33, 33, 33]","[0, 0]","[0, 0, 0]","[100, 210, 255, 0]","[0, 50208, 26, 0]","[5, 1, 20, 0]","[0, 0, 0, 0]",0
2026030,2,26,6026010,3,194,194,194,0,194,0,194,2,7,26,202603011,202603012,202603013,0,0,194,"[34, 34, 34]","[0, 0]","[0, 0, 0]","[100, 210, 255, 0]","[0, 50208, 26, 0]","[5, 1, 20, 0]","[0, 0, 0, 0]",0
2026040,2,26,6026010,4,194,194,194,0,194,0,194,2,7,26,202604011,202604012,202604013,0,0,194,"[35, 35, 35]","[0, 0]","[0, 0, 0]","[100, 210, 255, 0]","[0, 50208, 26, 0]","[5, 1, 20, 0]","[0, 0, 0, 0]",0
2027010,2,27,6027010,1,194,194,194,0,194,0,194,3,7,27,202701011,202701012,202701013,0,0,194,"[44, 44, 44]","[0, 0]","[0, 0, 15]","[100, 210, 0, 0]","[0, 50206, 0, 0]","[5, 1, 0, 0]","[0, 0, 0, 0]",0
2027020,2,27,6027010,2,194,194,194,0,194,0,194,3,7,27,202702011,202702012,202702013,0,0,194,"[45, 45, 45]","[0, 0]","[0, 0, 0]","[100, 210, 255, 0]","[0, 50206, 27, 0]","[5, 1, 20, 0]","[0, 0, 0, 0]",0
2027030,2,27,6027010,3,194,194,194,0,194,0,194,3,7,27,202703011,202703012,202703013,0,0,194,"[46, 46, 46]","[0, 0]","[0, 0, 0]","[100, 210, 255, 0]","[0, 50206, 27, 0]","[5, 1, 20, 0]","[0, 0, 0, 0]",0
2027040,2,27,6027010,4,194,194,194,0,194,0,194,3,7,27,202704011,202704012,202704013,0,0,194,"[47, 47, 47]","[0, 0]","[0, 0, 0]","[100, 210, 255, 0]","[0, 50206, 27, 0]","[5, 1, 20, 0]","[0, 0, 0, 0]",0
2028010,2,28,6028010,1,194,194,194,0,194,0,194,2,7,28,202801011,202801012,202801013,0,0,194,"[29, 29, 29]","[0, 0]","[0, 15, 0]","[100, 210, 0, 0]","[0, 50208, 0, 0]","[5, 1, 0, 0]","[0, 0, 0, 0]",0
2028020,2,28,6028010,2,194,194,194,0,194,0,194,2,7,28,202802011,202802012,202802013,0,0,194,"[30, 30, 30]","[0, 0]","[0, 0, 0]","[100, 210, 255, 0]","[0, 50208, 28, 0]","[5, 1, 20, 0]","[0, 0, 0, 0]",0
2028030,2,28,6028010,3,194,194,194,0,194,0,194,2,7,28,202803011,202803012,202803013,0,0,194,"[31, 31, 31]","[0, 0]","[0, 0, 0]","[100, 210, 255, 0]","[0, 50208, 28, 0]","[5, 1, 20, 0]","[0, 0, 0, 0]",0
2028040,2,28,6028010,4,194,194,194,0,194,0,194,2,7,28,202804011,202804012,202804013,0,0,194,"[32, 32, 32]","[0, 0]","[0, 0, 0]","[100, 210, 255, 0]","[0, 50208, 28, 0]","[5, 1, 20, 0]","[0, 0, 0, 0]",0
2029010,2,29,6029010,1,194,194,194,0,194,0,194,3,5,29,202901011,202901012,202901013,0,0,194,"[29, 29, 29]","[0, 0]","[0, 0, 15]","[100, 210, 0, 0]","[0, 50208, 0, 0]","[5, 1, 0, 0]","[0, 0, 0, 0]",0
2029020,2,29,6029010,2,194,194,194,0,194,0,194,3,5,29,202902011,202902012,202902013,0,0,194,"[30, 30, 30]","[0, 0]","[0, 0, 0]","[100, 210, 255, 0]","[0, 50208, 29, 0]","[5, 1, 20, 0]","[0, 0, 0, 0]",0
2029030,2,29,6029010,3,194,194,194,0,194,0,194,3,5,29,202903011,202903012,202903013,0,0,194,"[31, 31, 31]","[0, 0]","[0, 0, 0]","[100, 210, 255, 0]","[0, 50208, 29, 0]","[5, 1, 20, 0]","[0, 0, 0, 0]",0
2029040,2,29,6029010,4,194,194,194,0,194,0,194,3,5,29,202904011,202904012,202904013,0,0,194,"[32, 32, 32]","[0, 0]","[0, 0, 0]","[100, 210, 255, 0]","[0, 50208, 29, 0]","[5, 1, 20, 0]","[0, 0, 0, 0]",0
2030010,2,30,6030010,1,194,194,194,0,194,0,194,2,5,30,203001011,203001012,203001013,0,0,194,"[44, 44, 44]","[0, 0]","[0, 15, 0]","[100, 210, 0, 0]","[0, 50206, 0, 0]","[5, 1, 0, 0]","[0, 0, 0, 0]",0
2030020,2,30,6030010,2,194,194,194,0,194,0,194,2,5,30,203002011,203002012,203002013,0,0,194,"[45, 45, 45]","[0, 0]","[0, 0, 0]","[100, 210, 255, 0]","[0, 50206, 30, 0]","[5, 1, 20, 0]","[0, 0, 0, 0]",0
2030030,2,30,6030010,3,194,194,194,0,194,0,194,2,5,30,203003011,203003012,203003013,0,0,194,"[46, 46, 46]","[0, 0]","[0, 0, 0]","[100, 210, 255, 0]","[0, 50206, 30, 0]","[5, 1, 20, 0]","[0, 0, 0, 0]",0
2030040,2,30,6030010,4,194,194,194,0,194,0,194,2,5,30,203004011,203004012,203004013,0,0,194,"[47, 47, 47]","[0, 0]","[0, 0, 0]","[100, 210, 255, 0]","[0, 50206, 30, 0]","[5, 1, 20, 0]","[0, 0, 0, 0]",0
2031010,2,31,6031010,1,194,194,194,0,194,0,194,3,4,31,203101011,203101012,203101013,0,0,194,"[12, 12, 12]","[0, 0]","[0, 0, 15]","[100, 210, 0, 0]","[0, 50204, 0, 0]","[5, 1, 0, 0]","[0, 0, 0, 0]",0
2031020,2,31,6031010,2,194,194,194,0,194,0,194,3,4,31,203102011,203102012,203102013,0,0,194,"[13, 13, 13]","[0, 0]","[0, 0, 0]","[100, 210, 255, 0]","[0, 50204, 31, 0]","[5, 1, 20, 0]","[0, 0, 0, 0]",0
2031030,2,31,6031010,3,194,194,194,0,194,0,194,3,4,31,203103011,203103012,203103013,0,0,194,"[14, 14, 14]","[0, 0]","[0, 0, 0]","[100, 210, 255, 0]","[0, 50204, 31, 0]","[5, 1, 20, 0]","[0, 0, 0, 0]",0
2031040,2,31,6031010,4,194,194,194,0,194,0,194,3,4,31,203104011,203104012,203104013,0,0,194,"[15, 15, 15]","[0, 0]","[0, 0, 0]","[100, 210, 255, 0]","[0, 50204, 31, 0]","[5, 1, 20, 0]","[0, 0, 0, 0]",0
2032010,2,32,6032010,1,194,194,194,0,194,0,194,1,5,32,203201011,203201012,203201013,0,0,194,"[42, 42, 42]","[0, 0]","[15, 0, 0]","[100, 210, 0, 0]","[0, 50206, 0, 0]","[5, 1, 0, 0]","[0, 0, 0, 0]",0
2032020,2,32,6032010,2,194,194,194,0,194,0,194,1,5,32,203202011,203202012,203202013,0,0,194,"[43, 43, 43]","[0, 0]","[0, 0, 0]","[100, 210, 255, 0]","[0, 50206, 32, 0]","[5, 1, 20, 0]","[0, 0, 0, 0]",0
2032030,2,32,6032010,3,194,194,194,0,194,0,194,1,5,32,203203011,203203012,203203013,0,0,194,"[44, 44, 44]","[0, 0]","[0, 0, 0]","[100, 210, 255, 0]","[0, 50206, 32, 0]","[5, 1, 20, 0]","[0, 0, 0, 0]",0
2032040,2,32,6032010,4,194,194,194,0,194,0,194,1,5,32,203204011,203204012,203204013,0,0,194,"[45, 45, 45]","[0, 0]","[0, 0, 0]","[100, 210, 255, 0]","[0, 50206, 32, 0]","[5, 1, 20, 0]","[0, 0, 0, 0]",0
2033010,2,33,6033010,1,194,194,194,0,194,0,194,1,2,33,203301011,203301012,203301013,0,0,194,"[52, 52, 52]","[0, 0]","[15, 0, 0]","[100, 210, 0, 0]","[0, 50209, 0, 0]","[5, 1, 0, 0]","[0, 0, 0, 0]",0
2033020,2,33,6033010,2,194,194,194,0,194,0,194,1,2,33,203302011,203302012,203302013,0,0,194,"[53, 53, 53]","[0, 0]","[0, 0, 0]","[100, 210, 255, 0]","[0, 50209, 33, 0]","[5, 1, 20, 0]","[0, 0, 0, 0]",0
2033030,2,33,6033010,3,194,194,194,0,194,0,194,1,2,33,203303011,203303012,203303013,0,0,194,"[54, 54, 54]","[0, 0]","[0, 0, 0]","[100, 210, 255, 0]","[0, 50209, 33, 0]","[5, 1, 20, 0]","[0, 0, 0, 0]",0
2033040,2,33,6033010,4,194,194,194,0,194,0,194,1,2,33,203304011,203304012,203304013,0,0,194,"[55, 55, 55]","[0, 0]","[0, 0, 0]","[100, 210, 255, 0]","[0, 50209, 33, 0]","[5, 1, 20, 0]","[0, 0, 0, 0]",0
2034010,2,34,6034010,1,194,194,194,0,194,0,194,3,2,34,203401011,203401012,203401013,0,0,194,"[12, 12, 12]","[0, 0]","[0, 0, 15]","[100, 210, 0, 0]","[0, 50204, 0, 0]","[5, 1, 0, 0]","[0, 0, 0, 0]",0
2034020,2,34,6034010,2,194,194,194,0,194,0,194,3,2,34,203402011,203402012,203402013,0,0,194,"[13, 13, 13]","[0, 0]","[0, 0, 0]","[100, 210, 255, 0]","[0, 50204, 34, 0]","[5, 1, 20, 0]","[0, 0, 0, 0]",0
2034030,2,34,6034010,3,194,194,194,0,194,0,194,3,2,34,203403011,203403012,203403013,0,0,194,"[16, 16, 16]","[0, 0]","[0, 0, 0]","[100, 210, 255, 0]","[0, 50204, 34, 0]","[5, 1, 20, 0]","[0, 0, 0, 0]",0
2034040,2,34,6034010,4,194,194,194,0,194,0,194,3,2,34,203404011,203404012,203404013,0,0,194,"[15, 15, 15]","[0, 0]","[0, 0, 0]","[100, 210, 255, 0]","[0, 50204, 34, 0]","[5, 1, 20, 0]","[0, 0, 0, 0]",0
2035010,2,35,6035010,1,194,194,194,0,194,0,194,1,2,35,203501011,203501012,203501013,0,0,194,"[12, 12, 12]","[0, 0]","[15, 0, 0]","[100, 210, 0, 0]","[0, 50204, 0, 0]","[5, 1, 0, 0]","[0, 0, 0, 0]",0
2035020,2,35,6035010,2,194,194,194,0,194,0,194,1,2,35,203502011,203502012,203502013,0,0,194,"[16, 16, 16]","[0, 0]","[0, 0, 0]","[100, 210, 255, 0]","[0, 50204, 35, 0]","[5, 1, 20, 0]","[0, 0, 0, 0]",0
2035030,2,35,6035010,3,194,194,194,0,194,0,194,1,2,35,203503011,203503012,203503013,0,0,194,"[14, 14, 14]","[0, 0]","[0, 0, 0]","[100, 210, 255, 0]","[0, 50204, 35, 0]","[5, 1, 20, 0]","[0, 0, 0, 0]",0
2035040,2,35,6035010,4,194,194,194,0,194,0,194,1,2,35,203504011,203504012,203504013,0,0,194,"[15, 15, 15]","[0, 0]","[0, 0, 0]","[100, 210, 255, 0]","[0, 50204, 35, 0]","[5, 1, 20, 0]","[0, 0, 0, 0]",0
2036010,2,36,6036010,1,194,194,194,0,194,0,194,2,2,36,203601011,203601012,203601013,0,0,194,"[42, 42, 42]","[0, 0]","[0, 15, 0]","[100, 210, 0, 0]","[0, 50206, 0, 0]","[5, 1, 0, 0]","[0, 0, 0, 0]",0
2036020,2,36,6036010,2,194,194,194,0,194,0,194,2,2,36,203602011,203602012,203602013,0,0,194,"[43, 43, 43]","[0, 0]","[0, 0, 0]","[100, 210, 255, 0]","[0, 50206, 36, 0]","[5, 1, 20, 0]","[0, 0, 0, 0]",0
2036030,2,36,6036010,3,194,194,194,0,194,0,194,2,2,36,203603011,203603012,203603013,0,0,194,"[44, 44, 44]","[0, 0]","[0, 0, 0]","[100, 210, 255, 0]","[0, 50206, 36, 0]","[5, 1, 20, 0]","[0, 0, 0, 0]",0
2036040,2,36,6036010,4,194,194,194,0,194,0,194,2,2,36,203604011,203604012,203604013,0,0,194,"[45, 45, 45]","[0, 0]","[0, 0, 0]","[100, 210, 255, 0]","[0, 50206, 36, 0]","[5, 1, 20, 0]","[0, 0, 0, 0]",0
2037010,2,37,6037010,1,194,194,194,0,194,0,194,1,8,37,203701011,203701012,203701013,0,0,194,"[29, 29, 29]","[0, 0]","[15, 0, 0]","[100, 210, 0, 0]","[0, 50208, 0, 0]","[5, 1, 0, 0]","[0, 0, 0, 0]",0
2037020,2,37,6037010,2,194,194,194,0,194,0,194,1,8,37,203702011,203702012,203702013,0,0,194,"[30, 30, 30]","[0, 0]","[0, 0, 0]","[100, 210, 255, 0]","[0, 50208, 37, 0]","[5, 1, 20, 0]","[0, 0, 0, 0]",0
2037030,2,37,6037010,3,194,194,194,0,194,0,194,1,8,37,203703011,203703012,203703013,0,0,194,"[31, 31, 31]","[0, 0]","[0, 0, 0]","[100, 210, 255, 0]","[0, 50208, 37, 0]","[5, 1, 20, 0]","[0, 0, 0, 0]",0
2037040,2,37,6037010,4,194,194,194,0,194,0,194,1,8,37,203704011,203704012,203704013,0,0,194,"[32, 32, 32]","[0, 0]","[0, 0, 0]","[100, 210, 255, 0]","[0, 50208, 37, 0]","[5, 1, 20, 0]","[0, 0, 0, 0]",0
2038010,2,38,6038010,1,194,194,194,0,194,0,194,3,8,38,203801011,203801012,203801013,0,0,194,"[44, 44, 44]","[0, 0]","[0, 0, 15]","[100, 210, 0, 0]","[0, 50206, 0, 0]","[5, 1, 0, 0]","[0, 0, 0, 0]",0
2038020,2,38,6038010,2,194,194,194,0,194,0,194,3,8,38,203802011,203802012,203802013,0,0,194,"[45, 45, 45]","[0, 0]","[0, 0, 0]","[100, 210, 255, 0]","[0, 50206, 38, 0]","[5, 1, 20, 0]","[0, 0, 0, 0]",0
2038030,2,38,6038010,3,194,194,194,0,194,0,194,3,8,38,203803011,203803012,203803013,0,0,194,"[46, 46, 46]","[0, 0]","[0, 0, 0]","[100, 210, 255, 0]","[0, 50206, 38, 0]","[5, 1, 20, 0]","[0, 0, 0, 0]",0
2038040,2,38,6038010,4,194,194,194,0,194,0,194,3,8,38,203804011,203804012,203804013,0,0,194,"[47, 47, 47]","[0, 0]","[0, 0, 0]","[100, 210, 255, 0]","[0, 50206, 38, 0]","[5, 1, 20, 0]","[0, 0, 0, 0]",0
2039010,2,39,6039010,1,194,194,194,0,194,0,194,2,8,39,203901011,203901012,203901013,0,0,194,"[52, 52, 52]","[0, 0]","[0, 15, 0]","[100, 210, 0, 0]","[0, 50209, 0, 0]","[5, 1, 0, 0]","[0, 0, 0, 0]",0
2039020,2,39,6039010,2,194,194,194,0,194,0,194,2,8,39,203902011,203902012,203902013,0,0,194,"[53, 53, 53]","[0, 0]","[0, 0, 0]","[100, 210, 255, 0]","[0, 50209, 39, 0]","[5, 1, 20, 0]","[0, 0, 0, 0]",0
2039030,2,39,6039010,3,194,194,194,0,194,0,194,2,8,39,203903011,203903012,203903013,0,0,194,"[54, 54, 54]","[0, 0]","[0, 0, 0]","[100, 210, 255, 0]","[0, 50209, 39, 0]","[5, 1, 20, 0]","[0, 0, 0, 0]",0
2039040,2,39,6039010,4,194,194,194,0,194,0,194,2,8,39,203904011,203904012,203904013,0,0,194,"[55, 55, 55]","[0, 0]","[0, 0, 0]","[100, 210, 255, 0]","[0, 50209, 39, 0]","[5, 1, 20, 0]","[0, 0, 0, 0]",0
2040010,2,40,6040010,1,194,194,194,0,194,0,194,3,8,40,204001011,204001012,204001013,0,0,194,"[42, 42, 42]","[0, 0]","[0, 0, 15]","[100, 210, 0, 0]","[0, 50206, 0, 0]","[5, 1, 0, 0]","[0, 0, 0, 0]",0
2040020,2,40,6040010,2,194,194,194,0,194,0,194,3,8,40,204002011,204002012,204002013,0,0,194,"[43, 43, 43]","[0, 0]","[0, 0, 0]","[100, 210, 255, 0]","[0, 50206, 40, 0]","[5, 1, 20, 0]","[0, 0, 0, 0]",0
2040030,2,40,6040010,3,194,194,194,0,194,0,194,3,8,40,204003011,204003012,204003013,0,0,194,"[44, 44, 44]","[0, 0]","[0, 0, 0]","[100, 210, 255, 0]","[0, 50206, 40, 0]","[5, 1, 20, 0]","[0, 0, 0, 0]",0
2040040,2,40,6040010,4,194,194,194,0,194,0,194,3,8,40,204004011,204004012,204004013,0,0,194,"[45, 45, 45]","[0, 0]","[0, 0, 0]","[100, 210, 255, 0]","[0, 50206, 40, 0]","[5, 1, 20, 0]","[0, 0, 0, 0]",0
2041010,2,41,6041010,1,194,194,194,0,194,0,194,1,4,41,204101011,204101012,204101013,0,0,194,"[8, 8, 8]","[0, 0]","[10, 0, 0]","[100, 210, 0, 0]","[0, 50204, 0, 0]","[5, 1, 0, 0]","[0, 0, 0, 0]",0
2041020,2,41,6041010,2,194,194,194,0,194,0,194,1,4,41,204102011,204102012,204102013,0,0,194,"[9, 9, 9]","[0, 0]","[0, 0, 0]","[100, 210, 255, 0]","[0, 50204, 41, 0]","[5, 1, 20, 0]","[0, 0, 0, 0]",0
2041030,2,41,6041010,3,194,194,194,0,194,0,194,1,4,41,204103011,204103012,204103013,0,0,194,"[10, 10, 10]","[0, 0]","[0, 0, 0]","[100, 210, 255, 0]","[0, 50204, 41, 0]","[5, 1, 20, 0]","[0, 0, 0, 0]",0
2041040,2,41,6041010,4,194,194,194,0,194,0,194,1,4,41,204104011,204104012,204104013,0,0,194,"[11, 11, 11]","[0, 0]","[0, 0, 0]","[100, 210, 255, 0]","[0, 50204, 41, 0]","[5, 1, 20, 0]","[0, 0, 0, 0]",0
2042010,2,42,6042010,1,194,194,194,0,194,0,194,2,4,42,204201011,204201012,204201013,0,0,194,"[6, 6, 6]","[0, 0]","[0, 10, 0]","[100, 210, 0, 0]","[0, 50204, 0, 0]","[5, 1, 0, 0]","[0, 0, 0, 0]",0
2042020,2,42,6042010,2,194,194,194,0,194,0,194,2,4,42,204202011,204202012,204202013,0,0,194,"[16, 16, 16]","[0, 0]","[0, 0, 0]","[100, 210, 255, 0]","[0, 50204, 42, 0]","[5, 1, 20, 0]","[0, 0, 0, 0]",0
2042030,2,42,6042010,3,194,194,194,0,194,0,194,2,4,42,204203011,204203012,204203013,0,0,194,"[8, 8, 8]","[0, 0]","[0, 0, 0]","[100, 210, 255, 0]","[0, 50204, 42, 0]","[5, 1, 20, 0]","[0, 0, 0, 0]",0
2042040,2,42,6042010,4,194,194,194,0,194,0,194,2,4,42,204204011,204204012,204204013,0,0,194,"[9, 9, 9]","[0, 0]","[0, 0, 0]","[100, 210, 255, 0]","[0, 50204, 42, 0]","[5, 1, 20, 0]","[0, 0, 0, 0]",0
2043010,2,43,6043010,1,194,194,194,0,194,0,194,3,4,43,204301011,204301012,204301013,0,0,194,"[27, 27, 27]","[0, 0]","[0, 0, 10]","[100, 210, 0, 0]","[0, 50208, 0, 0]","[5, 1, 0, 0]","[0, 0, 0, 0]",0
2043020,2,43,6043010,2,194,194,194,0,194,0,194,3,4,43,204302011,204302012,204302013,0,0,194,"[28, 28, 28]","[0, 0]","[0, 0, 0]","[100, 210, 255, 0]","[0, 50208, 43, 0]","[5, 1, 20, 0]","[0, 0, 0, 0]",0
2043030,2,43,6043010,3,194,194,194,0,194,0,194,3,4,43,204303011,204303012,204303013,0,0,194,"[29, 29, 29]","[0, 0]","[0, 0, 0]","[100, 210, 255, 0]","[0, 50208, 43, 0]","[5, 1, 20, 0]","[0, 0, 0, 0]",0
2043040,2,43,6043010,4,194,194,194,0,194,0,194,3,4,43,204304011,204304012,204304013,0,0,194,"[30, 30, 30]","[0, 0]","[0, 0, 0]","[100, 210, 255, 0]","[0, 50208, 43, 0]","[5, 1, 20, 0]","[0, 0, 0, 0]",0
2044010,2,44,6044010,1,194,194,194,0,194,0,194,1,1,44,204401011,204401012,204401013,0,0,194,"[50, 50, 50]","[0, 0]","[10, 0, 0]","[100, 210, 0, 0]","[0, 50209, 0, 0]","[5, 1, 0, 0]","[0, 0, 0, 0]",0
2044020,2,44,6044010,2,194,194,194,0,194,0,194,1,1,44,204402011,204402012,204402013,0,0,194,"[51, 51, 51]","[0, 0]","[0, 0, 0]","[100, 210, 255, 0]","[0, 50209, 44, 0]","[5, 1, 20, 0]","[0, 0, 0, 0]",0
2044030,2,44,6044010,3,194,194,194,0,194,0,194,1,1,44,204403011,204403012,204403013,0,0,194,"[52, 52, 52]","[0, 0]","[0, 0, 0]","[100, 210, 255, 0]","[0, 50209, 44, 0]","[5, 1, 20, 0]","[0, 0, 0, 0]",0
2044040,2,44,6044010,4,194,194,194,0,194,0,194,1,1,44,204404011,204404012,204404013,0,0,194,"[53, 53, 53]","[0, 0]","[0, 0, 0]","[100, 210, 255, 0]","[0, 50209, 44, 0]","[5, 1, 20, 0]","[0, 0, 0, 0]",0
2045010,2,45,6045010,1,194,194,194,0,194,0,194,2,1,45,204501011,204501012,204501013,0,0,194,"[45, 45, 45]","[0, 0]","[0, 10, 0]","[100, 210, 0, 0]","[0, 50206, 0, 0]","[5, 1, 0, 0]","[0, 0, 0, 0]",0
2045020,2,45,6045010,2,194,194,194,0,194,0,194,2,1,45,204502011,204502012,204502013,0,0,194,"[46, 46, 46]","[0, 0]","[0, 0, 0]","[100, 210, 255, 0]","[0, 50206, 45, 0]","[5, 1, 20, 0]","[0, 0, 0, 0]",0
2045030,2,45,6045010,3,194,194,194,0,194,0,194,2,1,45,204503011,204503012,204503013,0,0,194,"[47, 47, 47]","[0, 0]","[0, 0, 0]","[100, 210, 255, 0]","[0, 50206, 45, 0]","[5, 1, 20, 0]","[0, 0, 0, 0]",0
2045040,2,45,6045010,4,194,194,194,0,194,0,194,2,1,45,204504011,204504012,204504013,0,0,194,"[48, 48, 48]","[0, 0]","[0, 0, 0]","[100, 210, 255, 0]","[0, 50206, 45, 0]","[5, 1, 20, 0]","[0, 0, 0, 0]",0
2046010,2,46,6046010,1,194,194,194,0,194,0,194,3,1,46,204601011,204601012,204601013,0,0,194,"[40, 40, 40]","[0, 0]","[0, 0, 10]","[100, 210, 0, 0]","[0, 50206, 0, 0]","[5, 1, 0, 0]","[0, 0, 0, 0]",0
2046020,2,46,6046010,2,194,194,194,0,194,0,194,3,1,46,204602011,204602012,204602013,0,0,194,"[41, 41, 41]","[0, 0]","[0, 0, 0]","[100, 210, 255, 0]","[0, 50206, 46, 0]","[5, 1, 20, 0]","[0, 0, 0, 0]",0
2046030,2,46,6046010,3,194,194,194,0,194,0,194,3,1,46,204603011,204603012,204603013,0,0,194,"[42, 42, 42]","[0, 0]","[0, 0, 0]","[100, 210, 255, 0]","[0, 50206, 46, 0]","[5, 1, 20, 0]","[0, 0, 0, 0]",0
2046040,2,46,6046010,4,194,194,194,0,194,0,194,3,1,46,204604011,204604012,204604013,0,0,194,"[43, 43, 43]","[0, 0]","[0, 0, 0]","[100, 210, 255, 0]","[0, 50206, 46, 0]","[5, 1, 20, 0]","[0, 0, 0, 0]",0
2047010,2,47,6047010,1,194,194,194,0,194,0,194,1,6,47,204701011,204701012,204701013,0,0,194,"[7, 7, 7]","[0, 0]","[10, 0, 0]","[100, 210, 0, 0]","[0, 50204, 0, 0]","[5, 1, 0, 0]","[0, 0, 0, 0]",0
2047020,2,47,6047010,2,194,194,194,0,194,0,194,1,6,47,204702011,204702012,204702013,0,0,194,"[7, 7, 7]","[0, 0]","[0, 0, 0]","[100, 210, 255, 0]","[0, 50204, 47, 0]","[5, 1, 20, 0]","[0, 0, 0, 0]",0
2047030,2,47,6047010,3,194,194,194,0,194,0,194,1,6,47,204703011,204703012,204703013,0,0,194,"[8, 8, 8]","[0, 0]","[0, 0, 0]","[100, 210, 255, 0]","[0, 50204, 47, 0]","[5, 1, 20, 0]","[0, 0, 0, 0]",0
2047040,2,47,6047010,4,194,194,194,0,194,0,194,1,6,47,204704011,204704012,204704013,0,0,194,"[9, 9, 9]","[0, 0]","[0, 0, 0]","[100, 210, 255, 0]","[0, 50204, 47, 0]","[5, 1, 20, 0]","[0, 0, 0, 0]",0
2048010,2,48,6048010,1,194,194,194,0,194,0,194,2,6,48,204801011,204801012,204801013,0,0,194,"[8, 8, 8]","[0, 0]","[0, 10, 0]","[100, 210, 0, 0]","[0, 50204, 0, 0]","[5, 1, 0, 0]","[0, 0, 0, 0]",0
2048020,2,48,6048010,2,194,194,194,0,194,0,194,2,6,48,204802011,204802012,204802013,0,0,194,"[9, 9, 9]","[0, 0]","[0, 0, 0]","[100, 210, 255, 0]","[0, 50204, 48, 0]","[5, 1, 20, 0]","[0, 0, 0, 0]",0
2048030,2,48,6048010,3,194,194,194,0,194,0,194,2,6,48,204803011,204803012,204803013,0,0,194,"[10, 10, 10]","[0, 0]","[0, 0, 0]","[100, 210, 255, 0]","[0, 50204, 48, 0]","[5, 1, 20, 0]","[0, 0, 0, 0]",0
2048040,2,48,6048010,4,194,194,194,0,194,0,194,2,6,48,204804011,204804012,204804013,0,0,194,"[11, 11, 11]","[0, 0]","[0, 0, 0]","[100, 210, 255, 0]","[0, 50204, 48, 0]","[5, 1, 20, 0]","[0, 0, 0, 0]",0
2049010,2,49,6049010,1,194,194,194,0,194,0,194,3,6,49,204901011,204901012,204901013,0,0,194,"[7, 7, 7]","[0, 0]","[0, 0, 10]","[100, 210, 0, 0]","[0, 50204, 0, 0]","[5, 1, 0, 0]","[0, 0, 0, 0]",0
2049020,2,49,6049010,2,194,194,194,0,194,0,194,3,6,49,204902011,204902012,204902013,0,0,194,"[7, 7, 7]","[0, 0]","[0, 0, 0]","[100, 210, 255, 0]","[0, 50204, 49, 0]","[5, 1, 20, 0]","[0, 0, 0, 0]",0
2049030,2,49,6049010,3,194,194,194,0,194,0,194,3,6,49,204903011,204903012,204903013,0,0,194,"[9, 9, 9]","[0, 0]","[0, 0, 0]","[100, 210, 255, 0]","[0, 50204, 49, 0]","[5, 1, 20, 0]","[0, 0, 0, 0]",0
2049040,2,49,6049010,4,194,194,194,0,194,0,194,3,6,49,204904011,204904012,204904013,0,0,194,"[9, 9, 9]","[0, 0]","[0, 0, 0]","[100, 210, 255, 0]","[0, 50204, 49, 0]","[5, 1, 20, 0]","[0, 0, 0, 0]",0
2050010,2,50,6050010,1,194,194,194,0,194,0,194,1,7,50,205001011,205001012,205001013,0,0,194,"[27, 27, 27]","[0, 0]","[10, 0, 0]","[100, 210, 0, 0]","[0, 50208, 0, 0]","[5, 1, 0, 0]","[0, 0, 0, 0]",0
2050020,2,50,6050010,2,194,194,194,0,194,0,194,1,7,50,205002011,205002012,205002013,0,0,194,"[28, 28, 28]","[0, 0]","[0, 0, 0]","[100, 210, 255, 0]","[0, 50208, 50, 0]","[5, 1, 20, 0]","[0, 0, 0, 0]",0
2050030,2,50,6050010,3,194,194,194,0,194,0,194,1,7,50,205003011,205003012,205003013,0,0,194,"[29, 29, 29]","[0, 0]","[0, 0, 0]","[100, 210, 255, 0]","[0, 50208, 50, 0]","[5, 1, 20, 0]","[0, 0, 0, 0]",0
2050040,2,50,6050010,4,194,194,194,0,194,0,194,1,7,50,205004011,205004012,205004013,0,0,194,"[30, 30, 30]","[0, 0]","[0, 0, 0]","[100, 210, 255, 0]","[0, 50208, 50, 0]","[5, 1, 20, 0]","[0, 0, 0, 0]",0
2051010,2,51,6051010,1,194,194,194,0,194,0,194,2,7,51,205101011,205101012,205101013,0,0,194,"[27, 27, 27]","[0, 0]","[0, 10, 0]","[100, 210, 0, 0]","[0, 50208, 0, 0]","[5, 1, 0, 0]","[0, 0, 0, 0]",0
2051020,2,51,6051010,2,194,194,194,0,194,0,194,2,7,51,205102011,205102012,205102013,0,0,194,"[28, 28, 28]","[0, 0]","[0, 0, 0]","[100, 210, 255, 0]","[0, 50208, 51, 0]","[5, 1, 20, 0]","[0, 0, 0, 0]",0
2051030,2,51,6051010,3,194,194,194,0,194,0,194,2,7,51,205103011,205103012,205103013,0,0,194,"[29, 29, 29]","[0, 0]","[0, 0, 0]","[100, 210, 255, 0]","[0, 50208, 51, 0]","[5, 1, 20, 0]","[0, 0, 0, 0]",0
2051040,2,51,6051010,4,194,194,194,0,194,0,194,2,7,51,205104011,205104012,205104013,0,0,194,"[30, 30, 30]","[0, 0]","[0, 0, 0]","[100, 210, 255, 0]","[0, 50208, 51, 0]","[5, 1, 20, 0]","[0, 0, 0, 0]",0
2052010,2,52,6052010,1,194,194,194,0,194,0,194,3,7,52,205201011,205201012,205201013,0,0,194,"[50, 50, 50]","[0, 0]","[0, 0, 10]","[100, 210, 0, 0]","[0, 50209, 0, 0]","[5, 1, 0, 0]","[0, 0, 0, 0]",0
2052020,2,52,6052010,2,194,194,194,0,194,0,194,3,7,52,205202011,205202012,205202013,0,0,194,"[51, 51, 51]","[0, 0]","[0, 0, 0]","[100, 210, 255, 0]","[0, 50209, 52, 0]","[5, 1, 20, 0]","[0, 0, 0, 0]",0
2052030,2,52,6052010,3,194,194,194,0,194,0,194,3,7,52,205203011,205203012,205203013,0,0,194,"[53, 53, 53]","[0, 0]","[0, 0, 0]","[100, 210, 255, 0]","[0, 50209, 52, 0]","[5, 1, 20, 0]","[0, 0, 0, 0]",0
2052040,2,52,6052010,4,194,194,194,0,194,0,194,3,7,52,205204011,205204012,205204013,0,0,194,"[53, 53, 53]","[0, 0]","[0, 0, 0]","[100, 210, 255, 0]","[0, 50209, 52, 0]","[5, 1, 20, 0]","[0, 0, 0, 0]",0
2053010,2,53,6053010,1,194,194,194,0,194,0,194,1,5,53,205301011,205301012,205301013,0,0,194,"[8, 8, 8]","[0, 0]","[10, 0, 0]","[100, 210, 0, 0]","[0, 50204, 0, 0]","[5, 1, 0, 0]","[0, 0, 0, 0]",0
2053020,2,53,6053010,2,194,194,194,0,194,0,194,1,5,53,205302011,205302012,205302013,0,0,194,"[9, 9, 9]","[0, 0]","[0, 0, 0]","[100, 210, 255, 0]","[0, 50204, 53, 0]","[5, 1, 20, 0]","[0, 0, 0, 0]",0
2053030,2,53,6053010,3,194,194,194,0,194,0,194,1,5,53,205303011,205303012,205303013,0,0,194,"[10, 10, 10]","[0, 0]","[0, 0, 0]","[100, 210, 255, 0]","[0, 50204, 53, 0]","[5, 1, 20, 0]","[0, 0, 0, 0]",0
2053040,2,53,6053010,4,194,194,194,0,194,0,194,1,5,53,205304011,205304012,205304013,0,0,194,"[11, 11, 11]","[0, 0]","[0, 0, 0]","[100, 210, 255, 0]","[0, 50204, 53, 0]","[5, 1, 20, 0]","[0, 0, 0, 0]",0
2054010,2,54,6054010,1,194,194,194,0,194,0,194,2,5,54,205401011,205401012,205401013,0,0,194,"[40, 40, 40]","[0, 0]","[0, 10, 0]","[100, 210, 0, 0]","[0, 50206, 0, 0]","[5, 1, 0, 0]","[0, 0, 0, 0]",0
2054020,2,54,6054010,2,194,194,194,0,194,0,194,2,5,54,205402011,205402012,205402013,0,0,194,"[41, 41, 41]","[0, 0]","[0, 0, 0]","[100, 210, 255, 0]","[0, 50206, 54, 0]","[5, 1, 20, 0]","[0, 0, 0, 0]",0
2054030,2,54,6054010,3,194,194,194,0,194,0,194,2,5,54,205403011,205403012,205403013,0,0,194,"[42, 42, 42]","[0, 0]","[0, 0, 0]","[100, 210, 255, 0]","[0, 50206, 54, 0]","[5, 1, 20, 0]","[0, 0, 0, 0]",0
2054040,2,54,6054010,4,194,194,194,0,194,0,194,2,5,54,205404011,205404012,205404013,0,0,194,"[43, 43, 43]","[0, 0]","[0, 0, 0]","[100, 210, 255, 0]","[0, 50206, 54, 0]","[5, 1, 20, 0]","[0, 0, 0, 0]",0
2055010,2,55,6055010,1,194,194,194,0,194,0,194,3,5,55,205501011,205501012,205501013,0,0,194,"[30, 30, 30]","[0, 0]","[0, 0, 10]","[100, 210, 0, 0]","[0, 50208, 0, 0]","[5, 1, 0, 0]","[0, 0, 0, 0]",0
2055020,2,55,6055010,2,194,194,194,0,194,0,194,3,5,55,205502011,205502012,205502013,0,0,194,"[31, 31, 31]","[0, 0]","[0, 0, 0]","[100, 210, 255, 0]","[0, 50208, 55, 0]","[5, 1, 20, 0]","[0, 0, 0, 0]",0
2055030,2,55,6055010,3,194,194,194,0,194,0,194,3,5,55,205503011,205503012,205503013,0,0,194,"[32, 32, 32]","[0, 0]","[0, 0, 0]","[100, 210, 255, 0]","[0, 50208, 55, 0]","[5, 1, 20, 0]","[0, 0, 0, 0]",0
2055040,2,55,6055010,4,194,194,194,0,194,0,194,3,5,55,205504011,205504012,205504013,0,0,194,"[33, 33, 33]","[0, 0]","[0, 0, 0]","[100, 210, 255, 0]","[0, 50208, 55, 0]","[5, 1, 20, 0]","[0, 0, 0, 0]",0
2056010,2,56,6056010,1,194,194,194,0,194,0,194,1,3,56,205601011,205601012,205601013,0,0,194,"[30, 30, 30]","[0, 0]","[10, 0, 0]","[100, 210, 0, 0]","[0, 50208, 0, 0]","[5, 1, 0, 0]","[0, 0, 0, 0]",0
2056020,2,56,6056010,2,194,194,194,0,194,0,194,1,3,56,205602011,205602012,205602013,0,0,194,"[31, 31, 31]","[0, 0]","[0, 0, 0]","[100, 210, 255, 0]","[0, 50208, 56, 0]","[5, 1, 20, 0]","[0, 0, 0, 0]",0
2056030,2,56,6056010,3,194,194,194,0,194,0,194,1,3,56,205603011,205603012,205603013,0,0,194,"[32, 32, 32]","[0, 0]","[0, 0, 0]","[100, 210, 255, 0]","[0, 50208, 56, 0]","[5, 1, 20, 0]","[0, 0, 0, 0]",0
2056040,2,56,6056010,4,194,194,194,0,194,0,194,1,3,56,205604011,205604012,205604013,0,0,194,"[33, 33, 33]","[0, 0]","[0, 0, 0]","[100, 210, 255, 0]","[0, 50208, 56, 0]","[5, 1, 20, 0]","[0, 0, 0, 0]",0
2057010,2,57,6057010,1,194,194,194,0,194,0,194,2,3,57,205701011,205701012,205701013,0,0,194,"[6, 6, 6]","[0, 0]","[0, 10, 0]","[100, 210, 0, 0]","[0, 50204, 0, 0]","[5, 1, 0, 0]","[0, 0, 0, 0]",0
2057020,2,57,6057010,2,194,194,194,0,194,0,194,2,3,57,205702011,205702012,205702013,0,0,194,"[7, 7, 7]","[0, 0]","[0, 0, 0]","[100, 210, 255, 0]","[0, 50204, 57, 0]","[5, 1, 20, 0]","[0, 0, 0, 0]",0
2057030,2,57,6057010,3,194,194,194,0,194,0,194,2,3,57,205703011,205703012,205703013,0,0,194,"[8, 8, 8]","[0, 0]","[0, 0, 0]","[100, 210, 255, 0]","[0, 50204, 57, 0]","[5, 1, 20, 0]","[0, 0, 0, 0]",0
2057040,2,57,6057010,4,194,194,194,0,194,0,194,2,3,57,205704011,205704012,205704013,0,0,194,"[16, 16, 16]","[0, 0]","[0, 0, 0]","[100, 210, 255, 0]","[0, 50204, 57, 0]","[5, 1, 20, 0]","[0, 0, 0, 0]",0
2058010,2,58,6058010,1,194,194,194,0,194,0,194,3,3,58,205801011,205801012,205801013,0,0,194,"[7, 7, 7]","[0, 0]","[0, 0, 10]","[100, 210, 0, 0]","[0, 50204, 0, 0]","[5, 1, 0, 0]","[0, 0, 0, 0]",0
2058020,2,58,6058010,2,194,194,194,0,194,0,194,3,3,58,205802011,205802012,205802013,0,0,194,"[7, 7, 7]","[0, 0]","[0, 0, 0]","[100, 210, 255, 0]","[0, 50204, 58, 0]","[5, 1, 20, 0]","[0, 0, 0, 0]",0
2058030,2,58,6058010,3,194,194,194,0,194,0,194,3,3,58,205803011,205803012,205803013,0,0,194,"[9, 9, 9]","[0, 0]","[0, 0, 0]","[100, 210, 255, 0]","[0, 50204, 58, 0]","[5, 1, 20, 0]","[0, 0, 0, 0]",0
2058040,2,58,6058010,4,194,194,194,0,194,0,194,3,3,58,205804011,205804012,205804013,0,0,194,"[9, 9, 9]","[0, 0]","[0, 0, 0]","[100, 210, 255, 0]","[0, 50204, 58, 0]","[5, 1, 20, 0]","[0, 0, 0, 0]",0
2059010,2,59,6059010,1,194,194,194,0,194,0,194,1,2,59,205901011,205901012,205901013,0,0,194,"[40, 40, 40]","[0, 0]","[10, 0, 0]","[100, 210, 0, 0]","[0, 50206, 0, 0]","[5, 1, 0, 0]","[0, 0, 0, 0]",0
2059020,2,59,6059010,2,194,194,194,0,194,0,194,1,2,59,205902011,205902012,205902013,0,0,194,"[41, 41, 41]","[0, 0]","[0, 0, 0]","[100, 210, 255, 0]","[0, 50206, 59, 0]","[5, 1, 20, 0]","[0, 0, 0, 0]",0
2059030,2,59,6059010,3,194,194,194,0,194,0,194,1,2,59,205903011,205903012,205903013,0,0,194,"[42, 42, 42]","[0, 0]","[0, 0, 0]","[100, 210, 255, 0]","[0, 50206, 59, 0]","[5, 1, 20, 0]","[0, 0, 0, 0]",0
2059040,2,59,6059010,4,194,194,194,0,194,0,194,1,2,59,205904011,205904012,205904013,0,0,194,"[43, 43, 43]","[0, 0]","[0, 0, 0]","[100, 210, 255, 0]","[0, 50206, 59, 0]","[5, 1, 20, 0]","[0, 0, 0, 0]",0
2060010,2,60,6060010,1,194,194,194,0,194,0,194,2,2,60,206001011,206001012,206001013,0,0,194,"[50, 50, 50]","[0, 0]","[0, 10, 0]","[100, 210, 0, 0]","[0, 50209, 0, 0]","[5, 1, 0, 0]","[0, 0, 0, 0]",0
2060020,2,60,6060010,2,194,194,194,0,194,0,194,2,2,60,206002011,206002012,206002013,0,0,194,"[51, 51, 51]","[0, 0]","[0, 0, 0]","[100, 210, 255, 0]","[0, 50209, 60, 0]","[5, 1, 20, 0]","[0, 0, 0, 0]",0
2060030,2,60,6060010,3,194,194,194,0,194,0,194,2,2,60,206003011,206003012,206003013,0,0,194,"[52, 52, 52]","[0, 0]","[0, 0, 0]","[100, 210, 255, 0]","[0, 50209, 60, 0]","[5, 1, 20, 0]","[0, 0, 0, 0]",0
2060040,2,60,6060010,4,194,194,194,0,194,0,194,2,2,60,206004011,206004012,206004013,0,0,194,"[53, 53, 53]","[0, 0]","[0, 0, 0]","[100, 210, 255, 0]","[0, 50209, 60, 0]","[5, 1, 20, 0]","[0, 0, 0, 0]",0
2061010,2,61,6061010,1,194,194,194,0,194,0,194,3,2,61,206101011,206101012,206101013,0,0,194,"[42, 42, 42]","[0, 0]","[0, 0, 10]","[100, 210, 0, 0]","[0, 50206, 0, 0]","[5, 1, 0, 0]","[0, 0, 0, 0]",0
2061020,2,61,6061010,2,194,194,194,0,194,0,194,3,2,61,206102011,206102012,206102013,0,0,194,"[43, 43, 43]","[0, 0]","[0, 0, 0]","[100, 210, 255, 0]","[0, 50206, 61, 0]","[5, 1, 20, 0]","[0, 0, 0, 0]",0
2061030,2,61,6061010,3,194,194,194,0,194,0,194,3,2,61,206103011,206103012,206103013,0,0,194,"[44, 44, 44]","[0, 0]","[0, 0, 0]","[100, 210, 255, 0]","[0, 50206, 61, 0]","[5, 1, 20, 0]","[0, 0, 0, 0]",0
2061040,2,61,6061010,4,194,194,194,0,194,0,194,3,2,61,206104011,206104012,206104013,0,0,194,"[45, 45, 45]","[0, 0]","[0, 0, 0]","[100, 210, 255, 0]","[0, 50206, 61, 0]","[5, 1, 20, 0]","[0, 0, 0, 0]",0
2062010,2,62,6062010,1,194,194,194,0,194,0,194,1,8,62,206201011,206201012,206201013,0,0,194,"[45, 45, 45]","[0, 0]","[10, 0, 0]","[100, 210, 0, 0]","[0, 50206, 0, 0]","[5, 1, 0, 0]","[0, 0, 0, 0]",0
2062020,2,62,6062010,2,194,194,194,0,194,0,194,1,8,62,206202011,206202012,206202013,0,0,194,"[46, 46, 46]","[0, 0]","[0, 0, 0]","[100, 210, 255, 0]","[0, 50206, 62, 0]","[5, 1, 20, 0]","[0, 0, 0, 0]",0
2062030,2,62,6062010,3,194,194,194,0,194,0,194,1,8,62,206203011,206203012,206203013,0,0,194,"[47, 47, 47]","[0, 0]","[0, 0, 0]","[100, 210, 255, 0]","[0, 50206, 62, 0]","[5, 1, 20, 0]","[0, 0, 0, 0]",0
2062040,2,62,6062010,4,194,194,194,0,194,0,194,1,8,62,206204011,206204012,206204013,0,0,194,"[48, 48, 48]","[0, 0]","[0, 0, 0]","[100, 210, 255, 0]","[0, 50206, 62, 0]","[5, 1, 20, 0]","[0, 0, 0, 0]",0
2063010,2,63,6063010,1,194,194,194,0,194,0,194,2,8,63,206301011,206301012,206301013,0,0,194,"[30, 30, 30]","[0, 0]","[0, 10, 0]","[100, 210, 0, 0]","[0, 50208, 0, 0]","[5, 1, 0, 0]","[0, 0, 0, 0]",0
2063020,2,63,6063010,2,194,194,194,0,194,0,194,2,8,63,206302011,206302012,206302013,0,0,194,"[31, 31, 31]","[0, 0]","[0, 0, 0]","[100, 210, 255, 0]","[0, 50208, 63, 0]","[5, 1, 20, 0]","[0, 0, 0, 0]",0
2063030,2,63,6063010,3,194,194,194,0,194,0,194,2,8,63,206303011,206303012,206303013,0,0,194,"[32, 32, 32]","[0, 0]","[0, 0, 0]","[100, 210, 255, 0]","[0, 50208, 63, 0]","[5, 1, 20, 0]","[0, 0, 0, 0]",0
2063040,2,63,6063010,4,194,194,194,0,194,0,194,2,8,63,206304011,206304012,206304013,0,0,194,"[33, 33, 33]","[0, 0]","[0, 0, 0]","[100, 210, 255, 0]","[0, 50208, 63, 0]","[5, 1, 20, 0]","[0, 0, 0, 0]",0
2064010,2,64,6064010,1,194,194,194,0,194,0,194,3,8,64,206401011,206401012,206401013,0,0,194,"[7, 7, 7]","[0, 0]","[0, 0, 10]","[100, 210, 0, 0]","[0, 50204, 0, 0]","[5, 1, 0, 0]","[0, 0, 0, 0]",0
2064020,2,64,6064010,2,194,194,194,0,194,0,194,3,8,64,206402011,206402012,206402013,0,0,194,"[7, 7, 7]","[0, 0]","[0, 0, 0]","[100, 210, 255, 0]","[0, 50204, 64, 0]","[5, 1, 20, 0]","[0, 0, 0, 0]",0
2064030,2,64,6064010,3,194,194,194,0,194,0,194,3,8,64,206403011,206403012,206403013,0,0,194,"[9, 9, 9]","[0, 0]","[0, 0, 0]","[100, 210, 255, 0]","[0, 50204, 64, 0]","[5, 1, 20, 0]","[0, 0, 0, 0]",0
2064040,2,64,6064010,4,194,194,194,0,194,0,194,3,8,64,206404011,206404012,206404013,0,0,194,"[9, 9, 9]","[0, 0]","[0, 0, 0]","[100, 210, 255, 0]","[0, 50204, 64, 0]","[5, 1, 20, 0]","[0, 0, 0, 0]",0
2066010,2,66,5988010,1,194,194,194,0,194,0,194,3,1,66,206601011,206601012,206601013,0,0,194,"[61, 61, 61]","[0, 0]","[0, 0, 20]","[100, 210, 0, 0]","[0, 50209, 0, 0]","[5, 1, 0, 0]","[0, 0, 0, 0]",0
2066020,2,66,5988010,2,194,194,194,0,194,0,194,3,1,66,206602011,206602012,206602013,0,0,194,"[62, 62, 62]","[0, 0]","[0, 0, 0]","[100, 210, 255, 0]","[0, 50209, 66, 0]","[5, 1, 20, 0]","[0, 0, 0, 0]",0
2066030,2,66,5988010,3,194,194,194,0,194,0,194,3,1,66,206603011,206603012,206603013,0,0,194,"[63, 63, 63]","[0, 0]","[0, 0, 0]","[100, 210, 255, 0]","[0, 50209, 66, 0]","[5, 1, 20, 0]","[0, 0, 0, 0]",0
2066040,2,66,5988010,4,194,194,194,0,194,0,194,3,1,66,206604011,206604012,206604013,0,0,194,"[64, 64, 64]","[0, 0]","[0, 0, 0]","[100, 210, 255, 0]","[0, 50209, 66, 0]","[5, 1, 20, 0]","[0, 0, 0, 0]",0
2067010,2,67,5991010,1,194,194,194,0,194,0,194,2,5,67,206701011,206701012,206701013,0,0,194,"[52, 52, 52]","[0, 0]","[0, 20, 0]","[100, 210, 0, 0]","[0, 50209, 0, 0]","[5, 1, 0, 0]","[0, 0, 0, 0]",0
2067020,2,67,5991010,2,194,194,194,0,194,0,194,2,5,67,206702011,206702012,206702013,0,0,194,"[53, 53, 53]","[0, 0]","[0, 0, 0]","[100, 210, 255, 0]","[0, 50209, 67, 0]","[5, 1, 20, 0]","[0, 0, 0, 0]",0
2067030,2,67,5991010,3,194,194,194,0,194,0,194,2,5,67,206703011,206703012,206703013,0,0,194,"[54, 54, 54]","[0, 0]","[0, 0, 0]","[100, 210, 255, 0]","[0, 50209, 67, 0]","[5, 1, 20, 0]","[0, 0, 0, 0]",0
2067040,2,67,5991010,4,194,194,194,0,194,0,194,2,5,67,206704011,206704012,206704013,0,0,194,"[55, 55, 55]","[0, 0]","[0, 0, 0]","[100, 210, 255, 0]","[0, 50209, 67, 0]","[5, 1, 20, 0]","[0, 0, 0, 0]",0
2068010,2,68,5960040,1,194,194,194,0,194,0,194,2,8,68,206801011,206801012,206801013,0,0,194,"[57, 57, 57]","[0, 0]","[0, 20, 0]","[100, 210, 0, 0]","[0, 50209, 0, 0]","[5, 1, 0, 0]","[0, 0, 0, 0]",0
2068020,2,68,5960030,2,194,194,194,0,194,0,194,2,8,68,206802011,206802012,206802013,0,0,194,"[58, 58, 58]","[0, 0]","[0, 0, 0]","[100, 210, 255, 0]","[0, 50209, 68, 0]","[5, 1, 20, 0]","[0, 0, 0, 0]",0
2068030,2,68,5960020,3,194,194,194,0,194,0,194,2,8,68,206803011,206803012,206803013,0,0,194,"[59, 59, 59]","[0, 0]","[0, 0, 0]","[100, 210, 255, 0]","[0, 50209, 68, 0]","[5, 1, 20, 0]","[0, 0, 0, 0]",0
2068040,2,68,5960010,4,194,194,194,0,194,0,194,2,8,68,206804011,206804012,206804013,0,0,194,"[60, 60, 60]","[0, 0]","[0, 0, 0]","[100, 210, 255, 0]","[0, 50209, 68, 0]","[5, 1, 20, 0]","[0, 0, 0, 0]",0
2070010,2,70,5990010,1,194,194,194,0,194,0,194,1,7,70,207001011,207001012,207001013,0,0,194,"[47, 47, 47]","[0, 0]","[20, 0, 0]","[100, 210, 0, 0]","[0, 50209, 0, 0]","[5, 1, 0, 0]","[0, 0, 0, 0]",0
2070020,2,70,5990010,2,194,194,194,0,194,0,194,1,7,70,207002011,207002012,207002013,0,0,194,"[48, 48, 48]","[0, 0]","[0, 0, 0]","[100, 210, 255, 0]","[0, 50209, 70, 0]","[5, 1, 20, 0]","[0, 0, 0, 0]",0
2070030,2,70,5990010,3,194,194,194,0,194,0,194,1,7,70,207003011,207003012,207003013,0,0,194,"[51, 51, 51]","[0, 0]","[0, 0, 0]","[100, 210, 255, 0]","[0, 50209, 70, 0]","[5, 1, 20, 0]","[0, 0, 0, 0]",0
2070040,2,70,5990010,4,194,194,194,0,194,0,194,1,7,70,207004011,207004012,207004013,0,0,194,"[50, 50, 50]","[0, 0]","[0, 0, 0]","[100, 210, 255, 0]","[0, 50209, 70, 0]","[5, 1, 20, 0]","[0, 0, 0, 0]",0
2071010,2,71,5937040,1,194,194,194,0,194,0,194,3,2,71,207101011,207101012,207101013,0,0,194,"[52, 52, 52]","[0, 0]","[0, 0, 20]","[100, 210, 0, 0]","[0, 50209, 0, 0]","[5, 1, 0, 0]","[0, 0, 0, 0]",0
2071020,2,71,5937030,2,194,194,194,0,194,0,194,3,2,71,207102011,207102012,207102013,0,0,194,"[53, 53, 53]","[0, 0]","[0, 0, 0]","[100, 210, 255, 0]","[0, 50209, 71, 0]","[5, 1, 20, 0]","[0, 0, 0, 0]",0
2071030,2,71,5937020,3,194,194,194,0,194,0,194,3,2,71,207103011,207103012,207103013,0,0,194,"[54, 54, 54]","[0, 0]","[0, 0, 0]","[100, 210, 255, 0]","[0, 50209, 71, 0]","[5, 1, 20, 0]","[0, 0, 0, 0]",0
2071040,2,71,5937010,4,194,194,194,0,194,0,194,3,2,71,207104011,207104012,207104013,0,0,194,"[55, 55, 55]","[0, 0]","[0, 0, 0]","[100, 210, 255, 0]","[0, 50209, 71, 0]","[5, 1, 20, 0]","[0, 0, 0, 0]",0
2072010,2,72,5999010,1,194,194,194,0,194,0,194,3,6,72,207201011,207201012,207201013,0,0,194,"[23, 23, 23]","[0, 0]","[0, 0, 20]","[100, 210, 0, 0]","[0, 50205, 0, 0]","[5, 1, 0, 0]","[0, 0, 0, 0]",0
2072020,2,72,5999010,2,194,194,194,0,194,0,194,3,6,72,207202011,207202012,207202013,0,0,194,"[24, 24, 24]","[0, 0]","[0, 0, 0]","[100, 210, 255, 0]","[0, 50205, 72, 0]","[5, 1, 20, 0]","[0, 0, 0, 0]",0
2072030,2,72,5999010,3,194,194,194,0,194,0,194,3,6,72,207203011,207203012,207203013,0,0,194,"[25, 25, 25]","[0, 0]","[0, 0, 0]","[100, 210, 255, 0]","[0, 50205, 72, 0]","[5, 1, 20, 0]","[0, 0, 0, 0]",0
2072040,2,72,5999010,4,194,194,194,0,194,0,194,3,6,72,207204011,207204012,207204013,0,0,194,"[26, 26, 26]","[0, 0]","[0, 0, 0]","[100, 210, 255, 0]","[0, 50205, 72, 0]","[5, 1, 20, 0]","[0, 0, 0, 0]",0
2073010,2,73,5976010,1,194,194,194,0,194,0,194,3,4,73,207301011,207301012,207301013,0,0,194,"[42, 42, 42]","[0, 0]","[0, 0, 20]","[100, 210, 0, 0]","[0, 50206, 0, 0]","[5, 1, 0, 0]","[0, 0, 0, 0]",0
2073020,2,73,5976010,2,194,194,194,0,194,0,194,3,4,73,207302011,207302012,207302013,0,0,194,"[43, 43, 43]","[0, 0]","[0, 0, 0]","[100, 210, 255, 0]","[0, 50206, 73, 0]","[5, 1, 20, 0]","[0, 0, 0, 0]",0
2073030,2,73,5976010,3,194,194,194,0,194,0,194,3,4,73,207303011,207303012,207303013,0,0,194,"[44, 44, 44]","[0, 0]","[0, 0, 0]","[100, 210, 255, 0]","[0, 50206, 73, 0]","[5, 1, 20, 0]","[0, 0, 0, 0]",0
2073040,2,73,5976010,4,194,194,194,0,194,0,194,3,4,73,207304011,207304012,207304013,0,0,194,"[45, 45, 45]","[0, 0]","[0, 0, 0]","[100, 210, 255, 0]","[0, 50206, 73, 0]","[5, 1, 20, 0]","[0, 0, 0, 0]",0
2075010,2,75,5941040,1,194,194,194,0,194,0,194,1,3,75,207501011,207501012,207501013,0,0,194,"[52, 52, 52]","[0, 0]","[20, 0, 0]","[100, 210, 0, 0]","[0, 50209, 0, 0]","[5, 1, 0, 0]","[0, 0, 0, 0]",0
2075020,2,75,5941030,2,194,194,194,0,194,0,194,1,3,75,207502011,207502012,207502013,0,0,194,"[53, 53, 53]","[0, 0]","[0, 0, 0]","[100, 210, 255, 0]","[0, 50209, 75, 0]","[5, 1, 20, 0]","[0, 0, 0, 0]",0
2075030,2,75,5941020,3,194,194,194,0,194,0,194,1,3,75,207503011,207503012,207503013,0,0,194,"[54, 54, 54]","[0, 0]","[0, 0, 0]","[100, 210, 255, 0]","[0, 50209, 75, 0]","[5, 1, 20, 0]","[0, 0, 0, 0]",0
2075040,2,75,5941010,4,194,194,194,0,194,0,194,1,3,75,207504011,207504012,207504013,0,0,194,"[55, 55, 55]","[0, 0]","[0, 0, 0]","[100, 210, 255, 0]","[0, 50209, 75, 0]","[5, 1, 20, 0]","[0, 0, 0, 0]",0
2080010,2,80,5985010,1,194,194,194,0,194,0,194,1,6,80,208001011,208001012,208001013,0,0,194,"[62, 62, 62]","[0, 0]","[20, 0, 0]","[100, 210, 0, 0]","[0, 50209, 0, 0]","[5, 1, 0, 0]","[0, 0, 0, 0]",0
2080020,2,80,5985010,2,194,194,194,0,194,0,194,1,6,80,208002011,208002012,208002013,0,0,194,"[63, 63, 63]","[0, 0]","[0, 0, 0]","[100, 210, 255, 0]","[0, 50209, 80, 0]","[5, 1, 20, 0]","[0, 0, 0, 0]",0
2080030,2,80,5985010,3,194,194,194,0,194,0,194,1,6,80,208003011,208003012,208003013,0,0,194,"[64, 64, 64]","[0, 0]","[0, 0, 0]","[100, 210, 255, 0]","[0, 50209, 80, 0]","[5, 1, 20, 0]","[0, 0, 0, 0]",0
2080040,2,80,5985010,4,194,194,194,0,194,0,194,1,6,80,208004011,208004012,208004013,0,0,194,"[65, 65, 65]","[0, 0]","[0, 0, 0]","[100, 210, 255, 0]","[0, 50209, 80, 0]","[5, 1, 20, 0]","[0, 0, 0, 0]",0
2081010,2,81,5995010,1,194,194,194,0,194,0,194,3,4,81,208101011,208101012,208101013,0,0,194,"[42, 42, 42]","[0, 0]","[0, 0, 20]","[100, 210, 0, 0]","[0, 50206, 0, 0]","[5, 1, 0, 0]","[0, 0, 0, 0]",0
2081020,2,81,5995010,2,194,194,194,0,194,0,194,3,4,81,208102011,208102012,208102013,0,0,194,"[43, 43, 43]","[0, 0]","[0, 0, 0]","[100, 210, 255, 0]","[0, 50206, 81, 0]","[5, 1, 20, 0]","[0, 0, 0, 0]",0
2081030,2,81,5995010,3,194,194,194,0,194,0,194,3,4,81,208103011,208103012,208103013,0,0,194,"[44, 44, 44]","[0, 0]","[0, 0, 0]","[100, 210, 255, 0]","[0, 50206, 81, 0]","[5, 1, 20, 0]","[0, 0, 0, 0]",0
2081040,2,81,5995010,4,194,194,194,0,194,0,194,3,4,81,208104011,208104012,208104013,0,0,194,"[45, 45, 45]","[0, 0]","[0, 0, 0]","[100, 210, 255, 0]","[0, 50206, 81, 0]","[5, 1, 20, 0]","[0, 0, 0, 0]",0
2082010,2,82,5955040,1,194,194,194,0,194,0,194,3,5,82,208201011,208201012,208201013,0,0,194,"[64, 64, 64]","[0, 0]","[0, 0, 20]","[100, 210, 0, 0]","[0, 50209, 0, 0]","[5, 1, 0, 0]","[0, 0, 0, 0]",0
2082020,2,82,5955030,2,194,194,194,0,194,0,194,3,5,82,208202011,208202012,208202013,0,0,194,"[65, 65, 65]","[0, 0]","[0, 0, 0]","[100, 210, 255, 0]","[0, 50209, 82, 0]","[5, 1, 20, 0]","[0, 0, 0, 0]",0
2082030,2,82,5955020,3,194,194,194,0,194,0,194,3,5,82,208203011,208203012,208203013,0,0,194,"[66, 66, 66]","[0, 0]","[0, 0, 0]","[100, 210, 255, 0]","[0, 50209, 82, 0]","[5, 1, 20, 0]","[0, 0, 0, 0]",0
2082040,2,82,5955010,4,194,194,194,0,194,0,194,3,5,82,208204011,208204012,208204013,0,0,194,"[67, 67, 67]","[0, 0]","[0, 0, 0]","[100, 210, 255, 0]","[0, 50209, 82, 0]","[5, 1, 20, 0]","[0, 0, 0, 0]",0
2083010,2,83,5997010,1,194,194,194,0,194,0,194,2,3,83,208301011,208301012,208301013,0,0,194,"[52, 52, 52]","[0, 0]","[0, 20, 0]","[100, 210, 0, 0]","[0, 50209, 0, 0]","[5, 1, 0, 0]","[0, 0, 0, 0]",0
2083020,2,83,5997010,2,194,194,194,0,194,0,194,2,3,83,208302011,208302012,208302013,0,0,194,"[53, 53, 53]","[0, 0]","[0, 0, 0]","[100, 210, 255, 0]","[0, 50209, 83, 0]","[5, 1, 20, 0]","[0, 0, 0, 0]",0
2083030,2,83,5997010,3,194,194,194,0,194,0,194,2,3,83,208303011,208303012,208303013,0,0,194,"[54, 54, 54]","[0, 0]","[0, 0, 0]","[100, 210, 255, 0]","[0, 50209, 83, 0]","[5, 1, 20, 0]","[0, 0, 0, 0]",0
2083040,2,83,5997010,4,194,194,194,0,194,0,194,2,3,83,208304011,208304012,208304013,0,0,194,"[55, 55, 55]","[0, 0]","[0, 0, 0]","[100, 210, 255, 0]","[0, 50209, 83, 0]","[5, 1, 20, 0]","[0, 0, 0, 0]",0
2084010,2,84,5980010,1,194,194,194,0,194,0,194,3,2,84,208401011,208401012,208401013,0,0,194,"[63, 63, 63]","[0, 0]","[0, 0, 20]","[100, 210, 0, 0]","[0, 50209, 0, 0]","[5, 1, 0, 0]","[0, 0, 0, 0]",0
2084020,2,84,5980010,2,194,194,194,0,194,0,194,3,2,84,208402011,208402012,208402013,0,0,194,"[64, 64, 64]","[0, 0]","[0, 0, 0]","[100, 210, 255, 0]","[0, 50209, 84, 0]","[5, 1, 20, 0]","[0, 0, 0, 0]",0
2084030,2,84,5980010,3,194,194,194,0,194,0,194,3,2,84,208403011,208403012,208403013,0,0,194,"[65, 65, 65]","[0, 0]","[0, 0, 0]","[100, 210, 255, 0]","[0, 50209, 84, 0]","[5, 1, 20, 0]","[0, 0, 0, 0]",0
2084040,2,84,5980010,4,194,194,194,0,194,0,194,3,2,84,208404011,208404012,208404013,0,0,194,"[66, 66, 66]","[0, 0]","[0, 0, 0]","[100, 210, 255, 0]","[0, 50209, 84, 0]","[5, 1, 20, 0]","[0, 0, 0, 0]",0
2086010,2,86,5983010,1,194,194,194,0,194,0,194,3,8,86,208601011,208601012,208601013,0,0,194,"[62, 62, 62]","[0, 0]","[0, 0, 20]","[100, 210, 0, 0]","[0, 50209, 0, 0]","[5, 1, 0, 0]","[0, 0, 0, 0]",0
2086020,2,86,5983010,2,194,194,194,0,194,0,194,3,8,86,208602011,208602012,208602013,0,0,194,"[63, 63, 63]","[0, 0]","[0, 0, 0]","[100, 210, 255, 0]","[0, 50209, 86, 0]","[5, 1, 20, 0]","[0, 0, 0, 0]",0
2086030,2,86,5983010,3,194,194,194,0,194,0,194,3,8,86,208603011,208603012,208603013,0,0,194,"[64, 64, 64]","[0, 0]","[0, 0, 0]","[100, 210, 255, 0]","[0, 50209, 86, 0]","[5, 1, 20, 0]","[0, 0, 0, 0]",0
2086040,2,86,5983010,4,194,194,194,0,194,0,194,3,8,86,208604011,208604012,208604013,0,0,194,"[65, 65, 65]","[0, 0]","[0, 0, 0]","[100, 210, 255, 0]","[0, 50209, 86, 0]","[5, 1, 20, 0]","[0, 0, 0, 0]",0
2088010,2,88,5965040,1,194,194,194,0,194,0,194,1,4,88,208801011,208801012,208801013,0,0,194,"[65, 65, 65]","[0, 0]","[20, 0, 0]","[100, 210, 0, 0]","[0, 50209, 0, 0]","[5, 1, 0, 0]","[0, 0, 0, 0]",0
2088020,2,88,5965030,2,194,194,194,0,194,0,194,1,4,88,208802011,208802012,208802013,0,0,194,"[66, 66, 66]","[0, 0]","[0, 0, 0]","[100, 210, 255, 0]","[0, 50209, 88, 0]","[5, 1, 20, 0]","[0, 0, 0, 0]",0
2088030,2,88,5965020,3,194,194,194,0,194,0,194,1,4,88,208803011,208803012,208803013,0,0,194,"[67, 67, 67]","[0, 0]","[0, 0, 0]","[100, 210, 255, 0]","[0, 50209, 88, 0]","[5, 1, 20, 0]","[0, 0, 0, 0]",0
2088040,2,88,5965010,4,194,194,194,0,194,0,194,1,4,88,208804011,208804012,208804013,0,0,194,"[68, 68, 68]","[0, 0]","[0, 0, 0]","[100, 210, 255, 0]","[0, 50210, 88, 0]","[5, 1, 20, 0]","[0, 0, 0, 0]",0
2089010,2,89,5971010,1,194,194,194,0,194,0,194,2,4,89,208901011,208901012,208901013,0,0,194,"[72, 72, 72]","[0, 0]","[0, 20, 0]","[100, 210, 0, 0]","[0, 50209, 0, 0]","[5, 1, 0, 0]","[0, 0, 0, 0]",0
2089020,2,89,5971010,2,194,194,194,0,194,0,194,2,4,89,208902011,208902012,208902013,0,0,194,"[73, 73, 73]","[0, 0]","[0, 0, 0]","[100, 210, 255, 0]","[0, 50209, 89, 0]","[5, 1, 20, 0]","[0, 0, 0, 0]",0
2089030,2,89,5971010,3,194,194,194,0,194,0,194,2,4,89,208903011,208903012,208903013,0,0,194,"[74, 74, 74]","[0, 0]","[0, 0, 0]","[100, 210, 255, 0]","[0, 50210, 89, 0]","[5, 1, 20, 0]","[0, 0, 0, 0]",0
2089040,2,89,5971010,4,194,194,194,0,194,0,194,2,4,89,208904011,208904012,208904013,0,0,194,"[75, 75, 75]","[0, 0]","[0, 0, 0]","[100, 210, 255, 0]","[0, 50210, 89, 0]","[5, 1, 20, 0]","[0, 0, 0, 0]",0
2097010,2,97,5966010,1,194,194,194,0,194,0,194,2,3,97,209701011,209701012,209701013,0,0,194,"[72, 72, 72]","[0, 0]","[0, 20, 0]","[100, 210, 0, 0]","[0, 50209, 0, 0]","[5, 1, 0, 0]","[0, 0, 0, 0]",0
2097020,2,97,5966010,2,194,194,194,0,194,0,194,2,3,97,209702011,209702012,209702013,0,0,194,"[74, 74, 74]","[0, 0]","[0, 0, 0]","[100, 210, 255, 0]","[0, 50209, 97, 0]","[5, 1, 20, 0]","[0, 0, 0, 0]",0
2097030,2,97,5966010,3,194,194,194,0,194,0,194,2,3,97,209703011,209703012,209703013,0,0,194,"[74, 74, 74]","[0, 0]","[0, 0, 0]","[100, 210, 255, 0]","[0, 50210, 97, 0]","[5, 1, 20, 0]","[0, 0, 0, 0]",0
2097040,2,97,5966010,4,194,194,194,0,194,0,194,2,3,97,209704011,209704012,209704013,0,0,194,"[75, 75, 75]","[0, 0]","[0, 0, 0]","[100, 210, 255, 0]","[0, 50210, 97, 0]","[5, 1, 20, 0]","[0, 0, 0, 0]",0
2099010,2,99,5974010,1,194,194,194,0,194,0,194,2,1,99,209901011,209901012,209901013,0,0,194,"[64, 64, 64]","[0, 0]","[0, 20, 0]","[100, 210, 0, 0]","[0, 50209, 0, 0]","[5, 1, 0, 0]","[0, 0, 0, 0]",0
2099020,2,99,5974010,2,194,194,194,0,194,0,194,2,1,99,209902011,209902012,209902013,0,0,194,"[65, 65, 65]","[0, 0]","[0, 0, 0]","[100, 210, 255, 0]","[0, 50209, 99, 0]","[5, 1, 20, 0]","[0, 0, 0, 0]",0
2099030,2,99,5974010,3,194,194,194,0,194,0,194,2,1,99,209903011,209903012,209903013,0,0,194,"[66, 66, 66]","[0, 0]","[0, 0, 0]","[100, 210, 255, 0]","[0, 50209, 99, 0]","[5, 1, 20, 0]","[0, 0, 0, 0]",0
2099040,2,99,5974010,4,194,194,194,0,194,0,194,2,1,99,209904011,209904012,209904013,0,0,194,"[67, 67, 67]","[0, 0]","[0, 0, 0]","[100, 210, 255, 0]","[0, 50209, 99, 0]","[5, 1, 20, 0]","[0, 0, 0, 0]",0
2103010,2,103,5961040,1,194,194,194,0,194,0,194,2,4,103,210301011,210301012,210301013,0,0,194,"[57, 57, 57]","[0, 0]","[0, 20, 0]","[100, 210, 0, 0]","[0, 50209, 0, 0]","[5, 1, 0, 0]","[0, 0, 0, 0]",0
2103020,2,103,5961030,2,194,194,194,0,194,0,194,2,4,103,210302011,210302012,210302013,0,0,194,"[58, 58, 58]","[0, 0]","[0, 0, 0]","[100, 210, 255, 0]","[0, 50209, 103, 0]","[5, 1, 20, 0]","[0, 0, 0, 0]",0
2103030,2,103,5961020,3,194,194,194,0,194,0,194,2,4,103,210303011,210303012,210303013,0,0,194,"[59, 59, 59]","[0, 0]","[0, 0, 0]","[100, 210, 255, 0]","[0, 50209, 103, 0]","[5, 1, 20, 0]","[0, 0, 0, 0]",0
2103040,2,103,5961010,4,194,194,194,0,194,0,194,2,4,103,210304011,210304012,210304013,0,0,194,"[60, 60, 60]","[0, 0]","[0, 0, 0]","[100, 210, 255, 0]","[0, 50209, 103, 0]","[5, 1, 20, 0]","[0, 0, 0, 0]",0
2105010,2,105,5978010,1,194,194,194,0,194,0,194,1,5,105,210501011,210501012,210501013,0,0,194,"[63, 63, 63]","[0, 0]","[20, 0, 0]","[100, 210, 0, 0]","[0, 50209, 0, 0]","[5, 1, 0, 0]","[0, 0, 0, 0]",0
2105020,2,105,5978010,2,194,194,194,0,194,0,194,1,5,105,210502011,210502012,210502013,0,0,194,"[64, 64, 64]","[0, 0]","[0, 0, 0]","[100, 210, 255, 0]","[0, 50209, 105, 0]","[5, 1, 20, 0]","[0, 0, 0, 0]",0
2105030,2,105,5978010,3,194,194,194,0,194,0,194,1,5,105,210503011,210503012,210503013,0,0,194,"[65, 65, 65]","[0, 0]","[0, 0, 0]","[100, 210, 255, 0]","[0, 50209, 105, 0]","[5, 1, 20, 0]","[0, 0, 0, 0]",0
2105040,2,105,5978010,4,194,194,194,0,194,0,194,1,5,105,210504011,210504012,210504013,0,0,194,"[66, 66, 66]","[0, 0]","[0, 0, 0]","[100, 210, 255, 0]","[0, 50209, 105, 0]","[5, 1, 20, 0]","[0, 0, 0, 0]",0
2112010,2,112,5993010,1,194,194,194,0,194,0,194,3,3,112,211201011,211201012,211201013,0,0,194,"[42, 42, 42]","[0, 0]","[0, 0, 20]","[100, 210, 0, 0]","[0, 50206, 0, 0]","[5, 1, 0, 0]","[0, 0, 0, 0]",0
2112020,2,112,5993010,2,194,194,194,0,194,0,194,3,3,112,211202011,211202012,211202013,0,0,194,"[43, 43, 43]","[0, 0]","[0, 0, 0]","[100, 210, 255, 0]","[0, 50206, 112, 0]","[5, 1, 20, 0]","[0, 0, 0, 0]",0
2112030,2,112,5993010,3,194,194,194,0,194,0,194,3,3,112,211203011,211203012,211203013,0,0,194,"[44, 44, 44]","[0, 0]","[0, 0, 0]","[100, 210, 255, 0]","[0, 50206, 112, 0]","[5, 1, 20, 0]","[0, 0, 0, 0]",0
2112040,2,112,5993010,4,194,194,194,0,194,0,194,3,3,112,211204011,211204012,211204013,0,0,194,"[45, 45, 45]","[0, 0]","[0, 0, 0]","[100, 210, 255, 0]","[0, 50206, 112, 0]","[5, 1, 20, 0]","[0, 0, 0, 0]",0
2113010,2,113,5982010,1,194,194,194,0,194,0,194,1,1,113,211301011,211301012,211301013,0,0,194,"[72, 72, 72]","[0, 0]","[20, 0, 0]","[100, 210, 0, 0]","[0, 50209, 0, 0]","[5, 1, 0, 0]","[0, 0, 0, 0]",0
2113020,2,113,5982010,2,194,194,194,0,194,0,194,1,1,113,211302011,211302012,211302013,0,0,194,"[74, 74, 74]","[0, 0]","[0, 0, 0]","[100, 210, 255, 0]","[0, 50209, 113, 0]","[5, 1, 20, 0]","[0, 0, 0, 0]",0
2113030,2,113,5982010,3,194,194,194,0,194,0,194,1,1,113,211303011,211303012,211303013,0,0,194,"[74, 74, 74]","[0, 0]","[0, 0, 0]","[100, 210, 255, 0]","[0, 50210, 113, 0]","[5, 1, 20, 0]","[0, 0, 0, 0]",0
2113040,2,113,5982010,4,194,194,194,0,194,0,194,1,1,113,211304011,211304012,211304013,0,0,194,"[75, 75, 75]","[0, 0]","[0, 0, 0]","[100, 210, 255, 0]","[0, 50210, 113, 0]","[5, 1, 20, 0]","[0, 0, 0, 0]",0
2122010,2,122,5973010,1,194,194,194,0,194,0,194,3,6,122,212201011,212201012,212201013,0,0,194,"[62, 62, 62]","[0, 0]","[0, 0, 20]","[100, 210, 0, 0]","[0, 50209, 0, 0]","[5, 1, 0, 0]","[0, 0, 0, 0]",0
2122020,2,122,5973010,2,194,194,194,0,194,0,194,3,6,122,212202011,212202012,212202013,0,0,194,"[63, 63, 63]","[0, 0]","[0, 0, 0]","[100, 210, 255, 0]","[0, 50209, 122, 0]","[5, 1, 20, 0]","[0, 0, 0, 0]",0
2122030,2,122,5973010,3,194,194,194,0,194,0,194,3,6,122,212203011,212203012,212203013,0,0,194,"[64, 64, 64]","[0, 0]","[0, 0, 0]","[100, 210, 255, 0]","[0, 50209, 122, 0]","[5, 1, 20, 0]","[0, 0, 0, 0]",0
2122040,2,122,5973010,4,194,194,194,0,194,0,194,3,6,122,212204011,212204012,212204013,0,0,194,"[65, 65, 65]","[0, 0]","[0, 0, 0]","[100, 210, 255, 0]","[0, 50209, 122, 0]","[5, 1, 20, 0]","[0, 0, 0, 0]",0
2130010,2,130,5977010,1,194,194,194,0,194,0,194,2,8,130,213001011,213001012,213001013,0,0,194,"[72, 72, 72]","[0, 0]","[0, 20, 0]","[100, 210, 0, 0]","[0, 50209, 0, 0]","[5, 1, 0, 0]","[0, 0, 0, 0]",0
2130020,2,130,5977010,2,194,194,194,0,194,0,194,2,8,130,213002011,213002012,213002013,0,0,194,"[73, 73, 73]","[0, 0]","[0, 0, 0]","[100, 210, 255, 0]","[0, 50209, 130, 0]","[5, 1, 20, 0]","[0, 0, 0, 0]",0
2130030,2,130,5977010,3,194,194,194,0,194,0,194,2,8,130,213003011,213003012,213003013,0,0,194,"[74, 74, 74]","[0, 0]","[0, 0, 0]","[100, 210, 255, 0]","[0, 50210, 130, 0]","[5, 1, 20, 0]","[0, 0, 0, 0]",0
2130040,2,130,5977010,4,194,194,194,0,194,0,194,2,8,130,213004011,213004012,213004013,0,0,194,"[75, 75, 75]","[0, 0]","[0, 0, 0]","[100, 210, 255, 0]","[0, 50210, 130, 0]","[5, 1, 20, 0]","[0, 0, 0, 0]",0
2131010,2,131,5963040,1,194,194,194,0,194,0,194,1,2,131,213101011,213101012,213101013,0,0,194,"[72, 72, 72]","[0, 0]","[20, 0, 0]","[100, 210, 0, 0]","[0, 50209, 0, 0]","[5, 1, 0, 0]","[0, 0, 0, 0]",0
2131020,2,131,5963030,2,194,194,194,0,194,0,194,1,2,131,213102011,213102012,213102013,0,0,194,"[73, 73, 73]","[0, 0]","[0, 0, 0]","[100, 210, 255, 0]","[0, 50209, 131, 0]","[5, 1, 20, 0]","[0, 0, 0, 0]",0
2131030,2,131,5963020,3,194,194,194,0,194,0,194,1,2,131,213103011,213103012,213103013,0,0,194,"[74, 74, 74]","[0, 0]","[0, 0, 0]","[100, 210, 255, 0]","[0, 50210, 131, 0]","[5, 1, 20, 0]","[0, 0, 0, 0]",0
2131040,2,131,5963010,4,194,194,194,0,194,0,194,1,2,131,213104011,213104012,213104013,0,0,194,"[75, 75, 75]","[0, 0]","[0, 0, 0]","[100, 210, 255, 0]","[0, 50210, 131, 0]","[5, 1, 20, 0]","[0, 0, 0, 0]",0
2184010,2,184,5968010,1,194,194,194,0,194,0,194,2,1,184,218401011,218401012,218401013,0,0,194,"[40, 40, 40]","[0, 0]","[0, 20, 0]","[100, 210, 0, 0]","[0, 50206, 0, 0]","[5, 1, 0, 0]","[0, 0, 0, 0]",0
2184020,2,184,5968010,2,194,194,194,0,194,0,194,2,1,184,218402011,218402012,218402013,0,0,194,"[41, 41, 41]","[0, 0]","[0, 0, 0]","[100, 210, 255, 0]","[0, 50206, 184, 0]","[5, 1, 20, 0]","[0, 0, 0, 0]",0
2184030,2,184,5968010,3,194,194,194,0,194,0,194,2,1,184,218403011,218403012,218403013,0,0,194,"[42, 42, 42]","[0, 0]","[0, 0, 0]","[100, 210, 255, 0]","[0, 50206, 184, 0]","[5, 1, 20, 0]","[0, 0, 0, 0]",0
2184040,2,184,5968010,4,194,194,194,0,194,0,194,2,1,184,218404011,218404012,218404013,0,0,194,"[43, 43, 43]","[0, 0]","[0, 0, 0]","[100, 210, 255, 0]","[0, 50206, 184, 0]","[5, 1, 20, 0]","[0, 0, 0, 0]",0
2185010,2,185,5967010,1,194,194,194,0,194,0,194,3,5,185,218501011,218501012,218501013,0,0,194,"[40, 40, 40]","[0, 0]","[0, 0, 20]","[100, 210, 0, 0]","[0, 50206, 0, 0]","[5, 1, 0, 0]","[0, 0, 0, 0]",0
2185020,2,185,5967010,2,194,194,194,0,194,0,194,3,5,185,218502011,218502012,218502013,0,0,194,"[41, 41, 41]","[0, 0]","[0, 0, 0]","[100, 210, 255, 0]","[0, 50206, 185, 0]","[5, 1, 20, 0]","[0, 0, 0, 0]",0
2185030,2,185,5967010,3,194,194,194,0,194,0,194,3,5,185,218503011,218503012,218503013,0,0,194,"[42, 42, 42]","[0, 0]","[0, 0, 0]","[100, 210, 255, 0]","[0, 50206, 185, 0]","[5, 1, 20, 0]","[0, 0, 0, 0]",0
2185040,2,185,5967010,4,194,194,194,0,194,0,194,3,5,185,218504011,218504012,218504013,0,0,194,"[43, 43, 43]","[0, 0]","[0, 0, 0]","[100, 210, 255, 0]","[0, 50206, 185, 0]","[5, 1, 20, 0]","[0, 0, 0, 0]",0
2186010,2,186,5970010,1,194,194,194,0,194,0,194,3,4,186,218601011,218601012,218601013,0,0,194,"[10, 10, 10]","[0, 0]","[0, 0, 20]","[100, 210, 110, 0]","[0, 50204, 186, 0]","[5, 1, 3, 0]","[0, 0, 0, 0]",0
2186020,2,186,5970010,2,194,194,194,0,194,0,194,3,4,186,218602011,218602012,218602013,0,0,194,"[20, 20, 20]","[0, 0]","[0, 0, 0]","[100, 210, 255, 0]","[0, 50207, 186, 0]","[5, 1, 20, 0]","[0, 0, 0, 0]",0
2186030,2,186,5970010,3,194,194,194,0,194,0,194,3,4,186,218603011,218603012,218603013,0,0,194,"[35, 35, 35]","[0, 0]","[0, 0, 0]","[100, 210, 255, 0]","[0, 50206, 186, 0]","[5, 1, 20, 0]","[0, 0, 0, 0]",0
2186040,2,186,5970010,4,194,194,194,0,194,0,194,3,4,186,218604011,218604012,218604013,0,0,194,"[50, 50, 50]","[0, 0]","[0, 0, 0]","[100, 210, 255, 0]","[0, 50209, 186, 0]","[5, 1, 20, 0]","[0, 0, 0, 0]",0
2187010,2,187,5969010,1,194,194,194,0,194,0,194,1,3,187,218701011,218701012,218701013,0,0,194,"[16, 16, 16]","[0, 0]","[20, 0, 0]","[100, 210, 0, 0]","[0, 50204, 0, 0]","[5, 1, 0, 0]","[0, 0, 0, 0]",0
2187020,2,187,5969010,2,194,194,194,0,194,0,194,1,3,187,218702011,218702012,218702013,0,0,194,"[16, 16, 16]","[0, 0]","[0, 0, 0]","[100, 210, 255, 0]","[0, 50204, 187, 0]","[5, 1, 20, 0]","[0, 0, 0, 0]",0
2187030,2,187,5969010,3,194,194,194,0,194,0,194,1,3,187,218703011,218703012,218703013,0,0,194,"[17, 17, 17]","[0, 0]","[0, 0, 0]","[100, 210, 255, 0]","[0, 50204, 187, 0]","[5, 1, 20, 0]","[0, 0, 0, 0]",0
2187040,2,187,5969010,4,194,194,194,0,194,0,194,1,3,187,218704011,218704012,218704013,0,0,194,"[18, 18, 18]","[0, 0]","[0, 0, 0]","[100, 210, 255, 0]","[0, 50204, 187, 0]","[5, 1, 20, 0]","[0, 0, 0, 0]",0
7000000,1,0,0,0,194,194,194,0,194,0,194,0,0,0,0,0,0,0,0,194,"[0, 0, 0]","[0, 0]","[0, 0, 0]","[0, 0, 0, 0]","[0, 0, 0, 0]","[0, 0, 0, 0]","[0, 0, 0, 0]",0
7001016,5,0,3000010,0,195,194,194,0,194,0,194,0,0,0,211404035,211404036,211404037,0,0,194,"[45, 45, 45]","[0, 0]","[0, 0, 0]","[100, 0, 0, 0]","[0, 0, 0, 0]","[5, 0, 0, 0]","[0, 0, 0, 0]",0
7001015,5,0,3000020,0,195,194,194,0,194,0,194,0,0,0,211404028,211404029,211404030,0,0,194,"[50, 50, 50]","[0, 0]","[0, 0, 0]","[100, 0, 0, 0]","[0, 0, 0, 0]","[5, 0, 0, 0]","[0, 0, 0, 0]",0
7001018,5,0,3000030,0,195,194,194,0,194,0,194,0,0,0,211404042,211404043,211404044,0,0,194,"[51, 51, 51]","[0, 0]","[0, 0, 0]","[100, 0, 0, 0]","[0, 0, 0, 0]","[5, 0, 0, 0]","[0, 0, 0, 0]",0
7001012,5,0,3000040,0,195,194,194,0,194,0,194,0,0,0,211404049,211404050,211404051,0,0,194,"[51, 51, 51]","[0, 0]","[0, 0, 0]","[100, 0, 0, 0]","[0, 0, 0, 0]","[5, 0, 0, 0]","[0, 0, 0, 0]",0
7001011,5,0,3000050,0,195,194,194,0,194,0,194,0,0,0,211404056,211404057,211404058,0,0,194,"[55, 55, 55]","[0, 0]","[0, 0, 0]","[100, 0, 0, 0]","[0, 0, 0, 0]","[5, 0, 0, 0]","[0, 0, 0, 0]",0
7001017,5,0,3000060,0,195,194,194,0,194,0,194,0,0,0,211404063,211404064,211404065,0,0,194,"[60, 60, 60]","[0, 0]","[0, 0, 0]","[100, 0, 0, 0]","[0, 0, 0, 0]","[5, 0, 0, 0]","[0, 0, 0, 0]",0
7001013,5,0,3000070,0,195,194,194,0,194,0,194,0,0,0,211404070,211404071,211404072,0,0,194,"[60, 60, 60]","[0, 0]","[0, 0, 0]","[100, 0, 0, 0]","[0, 0, 0, 0]","[5, 0, 0, 0]","[0, 0, 0, 0]",0
7001014,5,0,3000080,0,195,194,194,0,194,0,194,0,0,0,211404077,211404078,211404079,0,0,194,"[61, 61, 61]","[0, 0]","[0, 0, 0]","[100, 0, 0, 0]","[0, 0, 0, 0]","[5, 0, 0, 0]","[0, 0, 0, 0]",0
7001024,5,0,2500010,0,195,194,195,0,195,0,194,0,0,0,213704017,213704018,213704019,0,0,194,"[63, 63, 63]","[0, 0]","[0, 0, 0]","[250, 0, 0, 0]","[555, 0, 0, 0]","[1, 0, 0, 0]","[0, 0, 0, 0]",0
7500000,5,0,2500020,0,195,194,195,0,195,0,194,0,0,0,10000000,10000001,10000002,0,0,194,"[63, 63, 63]","[0, 0]","[0, 0, 0]","[250, 0, 0, 0]","[555, 0, 0, 0]","[1, 0, 0, 0]","[0, 0, 0, 0]",0
7500001,5,0,2500030,0,195,194,195,0,195,0,194,0,0,0,10000003,10000004,10000005,0,0,194,"[63, 63, 63]","[0, 0]","[0, 0, 0]","[250, 0, 0, 0]","[555, 0, 0, 0]","[1, 0, 0, 0]","[0, 0, 0, 0]",0
5000000,5,0,1000010,1,195,194,195,0,195,0,194,0,0,0,1000000,1000001,1000002,0,0,194,"[8, 8, 8]","[0, 0]","[0, 0, 0]","[100, 0, 0, 0]","[0, 0, 0, 0]","[10, 0, 0, 0]","[0, 0, 0, 0]",0
5000010,5,0,1000020,2,195,194,195,0,195,0,194,0,0,0,1000000,1001001,1001002,0,0,194,"[10, 10, 10]","[0, 0]","[0, 0, 0]","[100, 0, 0, 0]","[0, 0, 0, 0]","[10, 0, 0, 0]","[0, 0, 0, 0]",0
5000020,5,0,1000030,3,195,194,195,0,195,0,194,0,0,0,1000000,1002001,1002002,0,0,194,"[12, 12, 12]","[0, 0]","[0, 0, 0]","[100, 0, 0, 0]","[0, 0, 0, 0]","[10, 0, 0, 0]","[0, 0, 0, 0]",0
5000030,5,0,1000040,4,195,194,195,0,195,0,194,0,0,0,1000000,1003001,1003002,0,0,194,"[14, 14, 14]","[0, 0]","[0, 0, 0]","[100, 0, 0, 0]","[0, 0, 0, 0]","[30, 0, 0, 0]","[0, 0, 0, 0]",0
5000040,5,0,1000050,2,195,194,195,0,195,0,194,0,0,0,1000000,1004001,1004002,0,0,194,"[15, 15, 15]","[0, 0]","[0, 0, 0]","[100, 0, 0, 0]","[0, 0, 0, 0]","[30, 0, 0, 0]","[0, 0, 0, 0]",0
5000050,5,0,1000060,2,195,194,195,0,195,0,194,0,0,0,1000000,1005001,1005002,0,0,194,"[25, 25, 25]","[0, 0]","[0, 0, 0]","[100, 0, 0, 0]","[0, 0, 0, 0]","[30, 0, 0, 0]","[0, 0, 0, 0]",0
5000060,5,0,1000070,3,195,194,195,0,195,0,194,0,0,0,1000000,1006001,1006002,0,0,194,"[30, 30, 30]","[0, 0]","[0, 0, 0]","[100, 0, 0, 0]","[0, 0, 0, 0]","[10, 0, 0, 0]","[0, 0, 0, 0]",0
5000070,5,0,1000080,4,195,194,195,0,195,0,194,0,0,0,1000000,1007001,1007002,0,0,194,"[40, 40, 40]","[0, 0]","[0, 0, 0]","[100, 0, 0, 0]","[0, 0, 0, 0]","[10, 0, 0, 0]","[0, 0, 0, 0]",0
5000080,5,0,1000090,2,195,194,195,0,195,0,194,0,0,0,1000000,1008001,1008002,0,0,194,"[27, 27, 27]","[0, 0]","[0, 0, 0]","[100, 0, 0, 0]","[0, 0, 0, 0]","[30, 0, 0, 0]","[0, 0, 0, 0]",0
5000090,5,0,1000100,3,195,194,195,0,195,0,194,0,0,0,1000000,1009001,1009002,0,0,194,"[47, 47, 47]","[0, 0]","[0, 0, 0]","[100, 0, 0, 0]","[0, 0, 0, 0]","[10, 0, 0, 0]","[0, 0, 0, 0]",0
5000100,5,0,1000110,4,195,194,195,0,195,0,194,0,0,0,1000000,1010001,1010002,0,0,194,"[50, 50, 50]","[0, 0]","[0, 0, 0]","[100, 0, 0, 0]","[0, 0, 0, 0]","[10, 0, 0, 0]","[0, 0, 0, 0]",0
5000110,5,0,1000120,2,195,194,195,0,195,0,194,0,0,0,1000000,1011001,1011002,0,0,194,"[35, 35, 35]","[0, 0]","[0, 0, 0]","[100, 0, 0, 0]","[0, 0, 0, 0]","[30, 0, 0, 0]","[0, 0, 0, 0]",0
5000120,5,0,1000130,2,195,194,195,0,195,0,194,0,0,0,1000000,1012001,1012002,0,0,194,"[30, 30, 30]","[0, 0]","[0, 0, 0]","[100, 0, 0, 0]","[0, 0, 0, 0]","[30, 0, 0, 0]","[0, 0, 0, 0]",0
5000130,5,0,1000140,3,195,194,195,0,195,0,194,0,0,0,1000000,1013001,1013002,0,0,194,"[47, 47, 47]","[0, 0]","[0, 0, 0]","[100, 0, 0, 0]","[0, 0, 0, 0]","[10, 0, 0, 0]","[0, 0, 0, 0]",0
5000140,5,0,1000150,4,195,194,195,0,195,0,194,0,0,0,1000000,1014001,1014002,0,0,194,"[50, 50, 50]","[0, 0]","[0, 0, 0]","[100, 0, 0, 0]","[0, 0, 0, 0]","[10, 0, 0, 0]","[0, 0, 0, 0]",0
5000150,5,0,1000160,2,195,194,195,0,195,0,194,0,0,0,1000000,1015001,1015002,0,0,194,"[40, 40, 40]","[0, 0]","[0, 0, 0]","[100, 0, 0, 0]","[0, 0, 0, 0]","[30, 0, 0, 0]","[0, 0, 0, 0]",0
5000270,5,0,1000240,2,195,194,195,0,195,0,194,0,0,0,1000000,1019001,1019002,0,0,194,"[24, 24, 24]","[0, 0]","[0, 0, 0]","[270, 0, 0, 0]","[14, 0, 0, 0]","[20, 0, 0, 0]","[0, 0, 0, 0]",0
7800000,5,0,1500010,0,195,194,195,0,195,0,194,0,0,0,12000000,12000001,12000002,0,0,194,"[80, 80, 80]","[0, 0]","[0, 0, 0]","[100, 0, 0, 0]","[0, 0, 0, 0]","[100, 0, 0, 0]","[0, 0, 0, 0]",0
