m_id,m_VoiceID,m_NarrationSet,m_HeightContering,m_TextLavel,m_Justification
0,0,NONE,194,"[0, 0, 0, 0, 0, 0, 0, 0]","[0, 0, 0, 0, 0, 0, 0, 0]"
1,0,NARRATION_01,194,"[0, 0, 0, 0, 0, 0, 0, 0]","[1, 0, 2, 1, 0, 0, 0, 0]"
2,0,NARRATION_02,194,"[976, 976, 976, 976, 0, 0, 0, 0]","[1, 1, 1, 1, 1, 1, 1, 1]"
3,0,eNar_B01_01_02_010,195,"[0, 0, 976, 977, 112124, 978, 0, 0]","[0, 0, 1, 1, 1, 1, 0, 0]"
4,0,eNar_B01_01_02_020,195,"[0, 0, 979, 980, 981, 982, 0, 0]","[0, 0, 1, 1, 1, 1, 0, 0]"
5,0,eNar_B01_01_02_030,195,"[0, 0, 0, 983, 984, 0, 0, 0]","[0, 0, 0, 1, 1, 0, 0, 0]"
6,0,eNar_B01_03_01_010,195,"[111484, 111485, 112124, 111486, 111487, 112124, 111488, 0]","[1, 1, 1, 1, 1, 1, 1, 1]"
7,0,eNar_B01_03_01_020,195,"[111489, 112124, 111490, 111491, 111492, 112124, 111493, 111494]","[1, 1, 1, 1, 1, 1, 1, 1]"
8,0,eNar_B02_03_01_020,195,"[111495, 111496, 112124, 111497, 112124, 111498, 111499, 0]","[1, 1, 1, 1, 1, 1, 1, 1]"
9,0,eNar_B02_03_01_030,195,"[111500, 111501, 111502, 112124, 111503, 111504, 0, 0]","[1, 1, 1, 1, 1, 1, 1, 1]"
10,0,eNar_B05_00_02_010,195,"[114250, 112124, 114251, 120001, 112124, 114252, 112124, 114253]","[1, 1, 1, 1, 1, 1, 1, 1]"
11,0,eNar_B05_00_04_010,195,"[114356, 112124, 114357, 0, 0, 0, 0, 0]","[1, 1, 1, 1, 1, 1, 1, 1]"
12,0,eNar_B07_00_01_010,195,"[7005, 114359, 0, 0, 0, 0, 0, 0]","[1, 1, 1, 1, 1, 1, 1, 1]"
13,0,eNar_B07_00_01_020,195,"[7006, 7007, 116374, 0, 0, 0, 0, 0]","[1, 1, 1, 1, 1, 1, 1, 1]"
14,0,eNar_B07_00_04_010,195,"[7126, 7127, 0, 0, 0, 0, 0, 0]","[1, 1, 1, 1, 1, 1, 1, 1]"
431,0,eNar_B07_00_04_020,195,"[7128, 112124, 7129, 0, 0, 0, 0, 0]","[1, 1, 1, 1, 1, 1, 1, 1]"
432,0,eNar_B07_00_04_030,195,"[7130, 0, 0, 0, 0, 0, 0, 0]","[1, 1, 1, 1, 1, 1, 1, 1]"
15,0,eNar_B07_01_08_100,195,"[116348, 0, 0, 0, 0, 0, 0, 0]","[1, 1, 1, 1, 1, 1, 1, 1]"
21,0,eNar_B04_00_01_010,194,"[0, 0, 111321, 0, 0, 0, 0, 0]","[0, 0, 1, 0, 0, 0, 0, 0]"
22,0,eNar_B04_00_01_020,194,"[0, 0, 0, 0, 0, 0, 0, 0]","[0, 0, 0, 0, 0, 0, 0, 0]"
23,0,eNar_B04_00_01_030,194,"[0, 0, 0, 0, 0, 0, 0, 0]","[0, 0, 0, 0, 0, 0, 0, 0]"
24,0,eNar_B04_00_01_040,194,"[0, 0, 0, 0, 0, 0, 0, 0]","[0, 0, 0, 0, 0, 0, 0, 0]"
25,0,eNar_B04_00_01_050,194,"[0, 0, 0, 0, 0, 0, 0, 0]","[0, 0, 0, 0, 0, 0, 0, 0]"
26,0,eNar_B04_01_01_010,195,"[3152, 112124, 3153, 112124, 3154, 0, 0, 0]","[1, 1, 1, 1, 1, 0, 0, 0]"
27,0,eNar_B04_01_01_020,195,"[0, 0, 3155, 3156, 3157, 3158, 0, 0]","[0, 0, 1, 1, 1, 1, 0, 0]"
28,0,eNar_B04_01_01_030,195,"[0, 0, 0, 3159, 3160, 0, 0, 0]","[0, 0, 0, 1, 1, 0, 0, 0]"
71,0,eNar_B03_02_12_010,195,"[0, 0, 0, 1434, 1435, 0, 0, 0]","[0, 0, 0, 1, 1, 0, 0, 0]"
72,0,eNar_B03_02_12_020,195,"[0, 0, 1436, 1437, 1438, 0, 0, 0]","[0, 0, 1, 1, 1, 1, 0, 0]"
33,0,eNar_B03_02_06_010,195,"[0, 0, 0, 112277, 0, 0, 0, 0]","[0, 0, 0, 1, 0, 0, 0, 0]"
34,0,eNar_B03_02_06_020,195,"[2423, 2424, 2425, 2426, 2427, 2428, 2429, 2430]","[0, 0, 0, 0, 0, 0, 0, 0]"
35,0,eNar_B03_02_06_030,195,"[2431, 2432, 2433, 2434, 2435, 2436, 2437, 2438]","[0, 0, 0, 0, 0, 0, 0, 0]"
36,0,eNar_B03_02_06_040,195,"[0, 2439, 2440, 2441, 2442, 2443, 2444, 0]","[0, 0, 0, 0, 0, 0, 0, 0]"
37,0,eNar_B03_02_06_050,195,"[0, 2446, 2447, 2448, 2449, 2450, 2451, 0]","[0, 0, 0, 0, 0, 0, 0, 0]"
38,0,eNar_B03_02_06_060,195,"[0, 2452, 2453, 2454, 2455, 2456, 0, 0]","[0, 0, 0, 0, 0, 0, 0, 0]"
39,0,eNar_B03_02_06_070,195,"[0, 2457, 2458, 2459, 2460, 2461, 2462, 0]","[0, 0, 0, 0, 0, 0, 0, 0]"
40,0,eNar_B03_02_06_080,195,"[0, 2463, 2464, 2465, 2466, 2467, 2468, 0]","[0, 0, 0, 0, 0, 0, 0, 0]"
41,0,eNar_B03_02_06_090,195,"[0, 2469, 2470, 2471, 2472, 2473, 2474, 0]","[0, 0, 0, 0, 0, 0, 0, 0]"
42,0,eNar_B03_02_06_100,195,"[0, 0, 2475, 2476, 2477, 2478, 0, 0]","[0, 0, 0, 0, 0, 0, 0, 0]"
340,0,eNar_B03_03_05_020,195,"[0, 112327, 112328, 112124, 112329, 112330, 0, 0]","[0, 0, 0, 0, 0, 0, 0, 0]"
341,0,eNar_B03_03_05_030,195,"[0, 0, 112331, 112124, 112332, 0, 0, 0]","[0, 0, 0, 0, 0, 0, 0, 0]"
310,0,eNar_B00_00_01_010,195,"[112124, 112124, 112124, 100076, 112124, 112124, 112124, 112124]","[1, 1, 1, 1, 1, 1, 1, 1]"
311,0,eNar_B00_00_01_020,195,"[112124, 112124, 112124, 100077, 0, 112124, 112124, 112124]","[1, 1, 1, 1, 1, 1, 1, 1]"
43,50000,eNar_B00_01_01_010,195,"[100061, 112124, 100062, 100063, 0, 0, 0, 0]","[1, 1, 1, 1, 0, 0, 0, 0]"
44,50001,eNar_B00_01_01_020,195,"[100064, 100065, 0, 0, 0, 0, 0, 0]","[1, 1, 0, 0, 0, 0, 0, 0]"
45,50002,eNar_B00_01_01_030,195,"[100066, 100067, 100068, 100069, 0, 0, 0, 0]","[1, 1, 1, 1, 0, 0, 0, 0]"
46,50003,eNar_B00_01_01_040,195,"[100070, 100071, 0, 0, 0, 0, 0, 0]","[1, 1, 0, 0, 0, 0, 0, 0]"
47,50004,eNar_B00_01_01_050,195,"[100072, 100073, 0, 0, 0, 0, 0, 0]","[1, 1, 0, 0, 0, 0, 0, 0]"
48,50005,eNar_B00_01_01_060,195,"[100074, 100075, 0, 0, 0, 0, 0, 0]","[1, 1, 0, 0, 0, 0, 0, 0]"
315,50006,eNar_B00_01_02_010,195,"[100076, 112124, 100077, 0, 0, 0, 0, 0]","[1, 1, 1, 1, 0, 0, 0, 0]"
316,50007,eNar_B00_01_02_020,195,"[100078, 0, 0, 0, 0, 0, 0, 0]","[1, 0, 0, 0, 0, 0, 0, 0]"
317,0,eNar_B00_01_02_021,195,"[0, 0, 0, 0, 0, 0, 0, 0]","[1, 0, 0, 0, 0, 0, 0, 0]"
318,50008,eNar_B00_01_02_030,195,"[100079, 0, 0, 0, 0, 0, 0, 0]","[1, 1, 0, 0, 0, 0, 0, 0]"
319,0,eNar_B00_01_02_040,195,"[0, 0, 0, 0, 0, 0, 0, 0]","[1, 0, 0, 0, 0, 0, 0, 0]"
320,50009,eNar_B00_01_02_050,195,"[112125, 0, 0, 0, 0, 0, 0, 0]","[1, 1, 0, 0, 0, 0, 0, 0]"
321,50010,eNar_B00_01_02_060,195,"[112127, 112124, 112128, 0, 0, 0, 0, 0]","[1, 1, 1, 1, 0, 0, 0, 0]"
322,0,eNar_B00_01_02_070,195,"[0, 0, 0, 0, 0, 0, 0, 0]","[1, 0, 0, 0, 0, 0, 0, 0]"
323,0,eNar_B00_01_02_080,195,"[0, 0, 0, 0, 0, 0, 0, 0]","[1, 0, 0, 0, 0, 0, 0, 0]"
324,50011,eNar_B00_01_02_090,195,"[95051, 0, 0, 0, 0, 0, 0, 0]","[1, 0, 0, 0, 0, 0, 0, 0]"
328,50012,eNar_B00_01_03_010,195,"[95034, 0, 0, 0, 0, 0, 0, 0]","[1, 0, 0, 0, 0, 0, 0, 0]"
325,50022,eNar_B00_01_04_010,195,"[112137, 112138, 112124, 112139, 112140, 0, 0, 0]","[1, 1, 1, 1, 1, 0, 0, 0]"
326,50026,eNar_B00_01_04_020,195,"[112144, 112145, 112124, 112146, 112147, 0, 0, 0]","[1, 1, 1, 1, 1, 0, 0, 0]"
327,50030,eNar_B00_01_04_030,195,"[112151, 112152, 112124, 112153, 112154, 0, 0, 0]","[1, 1, 1, 1, 1, 0, 0, 0]"
329,50038,eNar_B00_01_04_050,195,"[112164, 0, 0, 0, 0, 0, 0, 0]","[1, 0, 0, 0, 0, 0, 0, 0]"
330,50039,eNar_B00_01_04_060,195,"[112165, 0, 0, 0, 0, 0, 0, 0]","[1, 1, 0, 0, 0, 0, 0, 0]"
331,0,eNar_B00_01_04_070,194,"[112124, 112124, 112124, 112124, 112124, 112124, 112166, 0]","[0, 0, 0, 0, 0, 0, 0, 0]"
332,0,eNar_B00_01_04_080,194,"[112124, 112124, 112124, 112167, 0, 0, 0, 0]","[1, 1, 1, 1, 0, 0, 0, 0]"
333,0,eNar_B00_01_04_090,194,"[112124, 112124, 112124, 112124, 112124, 112124, 112168, 0]","[2, 2, 2, 2, 2, 2, 2, 0]"
334,50043,eNar_B00_01_04_100,195,"[112169, 0, 0, 0, 0, 0, 0, 0]","[1, 1, 0, 0, 0, 0, 0, 0]"
335,50044,eNar_B00_01_04_110,195,"[112170, 0, 0, 0, 0, 0, 0, 0]","[1, 1, 0, 0, 0, 0, 0, 0]"
336,50045,eNar_B00_01_04_120,195,"[112171, 0, 0, 0, 0, 0, 0, 0]","[1, 0, 0, 0, 0, 0, 0, 0]"
337,50046,eNar_B00_01_04_130,195,"[112172, 0, 0, 0, 0, 0, 0, 0]","[1, 1, 0, 0, 0, 0, 0, 0]"
285,0,eNar_B04_00_06_010,195,"[0, 0, 0, 111278, 0, 0, 0, 0]","[0, 0, 0, 1, 0, 0, 0, 0]"
346,0,eNar_B04_01_02_010,195,"[113041, 0, 0, 0, 0, 0, 0, 0]","[1, 0, 0, 0, 0, 0, 0, 0]"
288,0,eNar_B04_01_08_010,195,"[0, 0, 0, 111321, 0, 0, 0, 0]","[0, 0, 0, 1, 0, 0, 0, 0]"
297,0,eNar_B04_02_04_010,195,"[114046, 114128, 0, 0, 0, 0, 0, 0]","[1, 1, 1, 1, 1, 1, 1, 1]"
298,0,eNar_B04_02_04_020,195,"[114047, 114129, 0, 0, 0, 0, 0, 0]","[1, 1, 1, 1, 1, 1, 1, 1]"
299,0,eNar_B04_02_04_030,195,"[114048, 114130, 0, 0, 0, 0, 0, 0]","[1, 1, 1, 1, 1, 1, 1, 1]"
348,0,eNar_B04_02_04_040,195,"[114049, 114131, 0, 0, 0, 0, 0, 0]","[1, 1, 1, 1, 1, 1, 1, 1]"
349,0,eNar_B04_02_04_050,195,"[114050, 114132, 0, 0, 0, 0, 0, 0]","[1, 1, 1, 1, 1, 1, 1, 1]"
350,0,eNar_B04_03_01_010,195,"[3707, 3708, 0, 0, 0, 0, 0, 0]","[1, 1, 1, 1, 1, 1, 1, 1]"
351,0,eNar_B04_03_01_020,195,"[3709, 3710, 0, 0, 0, 0, 0, 0]","[1, 1, 1, 1, 1, 1, 1, 1]"
352,0,eNar_B04_03_01_030,195,"[3711, 3712, 112124, 3714, 0, 0, 0, 0]","[1, 1, 1, 1, 1, 1, 1, 1]"
353,0,eNar_B04_03_01_040,195,"[3715, 112124, 3716, 111359, 114375, 0, 0, 0]","[1, 1, 1, 1, 1, 1, 1, 1]"
354,0,eNar_B04_03_01_050,195,"[111360, 111361, 0, 0, 0, 0, 0, 0]","[1, 1, 1, 1, 1, 1, 1, 1]"
355,0,eNar_B04_03_01_060,195,"[111363, 111364, 0, 0, 0, 0, 0, 0]","[1, 1, 1, 1, 1, 1, 1, 1]"
356,0,eNar_B04_03_01_070,195,"[111365, 111366, 0, 0, 0, 0, 0, 0]","[1, 1, 1, 1, 1, 1, 1, 1]"
49,0,eNar_B04_04_01_010,195,"[4035, 111380, 0, 0, 0, 0, 0, 0]","[1, 1, 1, 1, 1, 1, 1, 1]"
50,0,eNar_B04_04_01_020,195,"[111381, 111382, 111383, 0, 0, 0, 0, 0]","[1, 1, 1, 1, 1, 1, 1, 1]"
357,0,eNar_B04_04_01_030,195,"[111384, 111385, 0, 0, 0, 0, 0, 0]","[1, 1, 1, 1, 1, 1, 1, 1]"
358,0,eNar_B04_04_01_040,195,"[111386, 0, 0, 0, 0, 0, 0, 0]","[1, 1, 1, 1, 1, 1, 1, 1]"
359,0,eNar_B04_04_01_050,195,"[4036, 4037, 0, 0, 0, 0, 0, 0]","[1, 1, 1, 1, 1, 1, 1, 1]"
51,0,eNar_B04_05_02_010,195,"[4316, 4317, 0, 0, 0, 0, 0, 0]","[1, 1, 1, 1, 1, 1, 1, 1]"
295,0,eNar_B04_05_02_020,195,"[4318, 111398, 0, 0, 0, 0, 0, 0]","[1, 1, 1, 1, 1, 1, 1, 1]"
296,0,eNar_B04_05_02_030,195,"[4319, 111399, 0, 0, 0, 0, 0, 0]","[1, 1, 1, 1, 1, 1, 1, 1]"
361,0,eNar_B04_05_02_040,195,"[4320, 111400, 0, 0, 0, 0, 0, 0]","[1, 1, 1, 1, 1, 1, 1, 1]"
362,0,eNar_B04_05_02_050,195,"[111401, 0, 0, 0, 0, 0, 0, 0]","[1, 1, 1, 1, 1, 1, 1, 1]"
363,0,eNar_B04_05_02_060,195,"[111402, 111403, 0, 0, 0, 0, 0, 0]","[1, 1, 1, 1, 1, 1, 1, 1]"
52,0,eNar_B04_05_10_010,195,"[4569, 4570, 4571, 4572, 4573, 4574, 0, 0]","[1, 1, 1, 1, 1, 1, 1, 1]"
53,0,eNar_B04_05_10_020,195,"[4575, 4576, 0, 0, 0, 0, 0, 0]","[1, 1, 1, 1, 1, 1, 1, 1]"
54,0,eNar_B04_05_10_030,195,"[4577, 4578, 4579, 4580, 0, 0, 0, 0]","[1, 1, 1, 1, 1, 1, 1, 1]"
305,0,eNar_B04_08_02_010,195,"[5207, 5209, 5210, 0, 0, 0, 0, 0]","[1, 1, 1, 1, 1, 1, 1, 1]"
306,0,eNar_B04_08_02_020,195,"[5211, 5212, 5213, 0, 0, 0, 0, 0]","[1, 1, 1, 1, 1, 1, 1, 1]"
307,0,eNar_B04_08_02_030,195,"[5215, 5216, 111506, 111507, 0, 0, 0, 0]","[1, 1, 1, 1, 1, 1, 1, 1]"
308,0,eNar_B04_08_02_040,195,"[111508, 111509, 111510, 0, 0, 0, 0, 0]","[1, 1, 1, 1, 1, 1, 1, 1]"
309,0,eNar_B04_08_02_050,195,"[111511, 112124, 111512, 0, 0, 0, 0, 0]","[1, 1, 1, 1, 1, 1, 1, 1]"
364,0,eNar_B04_08_02_060,195,"[111513, 0, 0, 0, 0, 0, 0, 0]","[1, 1, 1, 1, 1, 1, 1, 1]"
55,0,eNar_B04_08_09_010,195,"[0, 0, 5419, 5420, 5421, 5422, 0, 0]","[1, 1, 1, 1, 1, 1, 1, 1]"
56,0,eNar_B04_08_09_020,195,"[0, 0, 0, 5423, 5424, 0, 0, 0]","[1, 1, 1, 1, 1, 1, 1, 1]"
57,0,eNar_B04_08_09_030,195,"[0, 0, 0, 111522, 111523, 0, 0, 0]","[1, 1, 1, 1, 1, 1, 1, 1]"
300,0,eNar_B04_08_09_040,195,"[0, 0, 111524, 111525, 111526, 0, 0, 0]","[1, 1, 1, 1, 1, 1, 1, 1]"
301,0,eNar_B04_08_09_050,195,"[0, 0, 0, 111528, 0, 0, 0, 0]","[1, 1, 1, 1, 1, 1, 1, 1]"
302,0,eNar_B04_08_09_060,195,"[0, 0, 5438, 5439, 5440, 0, 0, 0]","[1, 1, 1, 1, 1, 1, 1, 1]"
303,0,eNar_B04_08_09_070,195,"[0, 0, 5441, 5442, 5443, 5444, 0, 0]","[1, 1, 1, 1, 1, 1, 1, 1]"
304,0,eNar_B04_08_09_080,195,"[0, 0, 0, 5445, 5446, 0, 0, 0]","[1, 1, 1, 1, 1, 1, 1, 1]"
136,0,eNar_B01_02_Summary_1,195,"[986, 987, 112124, 988, 989, 112124, 990, 991]","[1, 1, 1, 1, 1, 1, 1, 1]"
137,0,eNar_B01_02_Summary_2,195,"[992, 993, 994, 112124, 995, 996, 997, 0]","[1, 1, 1, 1, 1, 1, 1, 0]"
138,0,eNar_B02_02_Summary_1,195,"[1901, 1902, 1903, 112124, 1904, 1905, 0, 0]","[1, 1, 1, 1, 1, 1, 0, 0]"
139,0,eNar_B02_02_Summary_2,195,"[1907, 1908, 1909, 112124, 1910, 1911, 0, 0]","[1, 1, 1, 1, 1, 1, 1, 1]"
140,0,eNar_B03_02_Summary_1,195,"[2899, 112124, 2900, 2901, 112124, 2902, 2903, 0]","[1, 1, 1, 1, 1, 1, 1, 0]"
141,0,eNar_B03_02_Summary_2,195,"[2904, 2905, 112124, 2906, 2907, 0, 0, 0]","[1, 1, 1, 1, 1, 0, 0, 0]"
286,0,eNar_B03_03_Summary_1,195,"[2640, 2641, 112124, 2642, 2643, 0, 0, 0]","[1, 1, 1, 1, 1, 0, 0, 0]"
287,0,eNar_B03_03_Summary_2,195,"[2644, 2645, 2646, 2648, 112124, 2649, 2650, 0]","[1, 1, 1, 1, 1, 1, 1, 0]"
142,0,eNar_B03_02_Summary_2,195,"[1900, 0, 0, 0, 0, 0, 0, 0]","[1, 0, 0, 0, 0, 0, 0, 0]"
267,0,eNar_B02_01_010,195,"[112124, 1001, 112124, 112124, 1002, 1003, 112124, 112124]","[1, 1, 1, 1, 1, 1, 1, 1]"
268,0,eNar_B02_01_020,195,"[112124, 112124, 1004, 1005, 1006, 112124, 112124, 112124]","[1, 1, 1, 1, 1, 1, 1, 1]"
269,0,eNar_B02_01_030,195,"[112124, 112124, 112124, 1007, 1008, 112124, 112124, 112124]","[1, 1, 1, 1, 1, 1, 1, 1]"
270,0,eNar_B02_01_040,195,"[1009, 0, 0, 0, 0, 0, 0, 0]","[1, 1, 1, 1, 1, 1, 1, 1]"
271,0,eNar_B02_01_050,195,"[112124, 112124, 112124, 1010, 1011, 112124, 112124, 112124]","[1, 1, 1, 1, 1, 1, 1, 1]"
272,0,eNar_B02_01_060,195,"[1012, 0, 0, 0, 0, 0, 0, 0]","[1, 1, 1, 1, 1, 1, 1, 1]"
276,0,eNar_B02_01_03_010,195,"[0, 0, 0, 1051, 0, 0, 0, 0]","[0, 0, 0, 1, 0, 0, 0, 0]"
277,0,eNar_B02_03_14_010,195,"[112124, 112124, 112124, 1730, 112124, 112124, 112124, 112124]","[1, 1, 1, 1, 1, 1, 1, 1]"
278,0,eNar_B02_03_14_020,195,"[1731, 1732, 0, 0, 0, 0, 0, 0]","[1, 1, 1, 1, 1, 1, 1, 1]"
279,0,eNar_B02_03_14_030,195,"[1733, 1734, 1735, 0, 0, 0, 0, 0]","[1, 1, 1, 1, 1, 1, 1, 1]"
280,0,eNar_B02_03_14_040,195,"[1736, 1737, 1738, 1739, 0, 0, 0, 0]","[1, 1, 1, 1, 1, 1, 1, 1]"
343,0,eNar_B02_03_14_050,195,"[111231, 111232, 0, 0, 0, 0, 0, 0]","[1, 1, 1, 1, 1, 1, 1, 1]"
282,0,eNar_B02_03_01_010,195,"[0, 0, 0, 1445, 0, 0, 0, 0]","[1, 1, 1, 1, 1, 1, 1, 1]"
283,0,eNar_B02_03_09_010,195,"[0, 0, 1600, 111288, 1601, 111289, 0, 0]","[1, 1, 1, 1, 1, 1, 1, 1]"
284,0,eNar_B02_03_09_020,195,"[0, 0, 1602, 111290, 1603, 0, 0, 0]","[1, 1, 1, 1, 1, 1, 1, 1]"
314,0,eNar_B04_02_10_010,195,"[0, 0, 0, 111356, 0, 0, 0, 0]","[0, 0, 0, 1, 0, 0, 0, 0]"
491,0,eNar_B04_10_01_005,195,"[124987, 0, 0, 0, 0, 0, 0, 0]","[1, 1, 1, 1, 1, 0, 0, 0]"
472,50022,eNar_B04_10_01_010,195,"[121741, 121742, 112124, 121743, 121744, 0, 0, 0]","[1, 1, 1, 1, 1, 0, 0, 0]"
473,50026,eNar_B04_10_01_020,195,"[121745, 121746, 112124, 121747, 121748, 0, 0, 0]","[1, 1, 1, 1, 1, 0, 0, 0]"
474,50030,eNar_B04_10_01_030,195,"[121749, 121750, 112124, 121751, 121752, 0, 0, 0]","[1, 1, 1, 1, 1, 0, 0, 0]"
450,0,eNar_B05_01_01_010,195,"[114376, 114377, 112124, 114378, 114379, 112124, 114380, 114381]","[1, 1, 1, 1, 1, 1, 1, 1]"
451,0,eNar_B05_01_01_020,195,"[114382, 114383, 112124, 114384, 114385, 112124, 114386, 114387]","[1, 1, 1, 1, 1, 1, 1, 1]"
381,0,eNar_B05_01_10_010,195,"[114625, 112124, 114626, 112124, 114627, 0, 0, 0]","[1, 1, 1, 1, 1, 1, 1, 1]"
382,0,eNar_B05_02_01_010,195,"[118056, 118057, 112124, 118058, 118059, 112124, 118060, 118061]","[1, 1, 1, 1, 1, 1, 1, 1]"
383,0,eNar_B05_02_01_020,195,"[118062, 118063, 112124, 118064, 118065, 112124, 118066, 118067]","[1, 1, 1, 1, 1, 1, 1, 1]"
433,81882,eNar_B05_02_02_010,195,"[118103, 112124, 118104, 118465, 112124, 118105, 118106, 0]","[1, 1, 1, 1, 1, 1, 1, 1]"
434,0,eNar_B05_02_02_020,195,"[118104, 118465, 0, 0, 0, 0, 0, 0]","[1, 1, 1, 1, 1, 1, 1, 1]"
435,0,eNar_B05_02_02_030,195,"[118105, 0, 0, 0, 0, 0, 0, 0]","[1, 1, 1, 1, 1, 1, 1, 1]"
436,0,eNar_B05_02_02_040,195,"[118106, 0, 0, 0, 0, 0, 0, 0]","[1, 1, 1, 1, 1, 1, 1, 1]"
437,0,eNar_B05_02_02_050,195,"[118110, 118466, 0, 0, 0, 0, 0, 0]","[1, 1, 1, 1, 1, 1, 1, 1]"
438,82071,eNar_B05_02_09_010,195,"[118280, 0, 0, 0, 0, 0, 0, 0]","[1, 1, 1, 1, 1, 1, 1, 1]"
439,82072,eNar_B05_02_09_020,195,"[118281, 118467, 112124, 0, 0, 0, 0, 0]","[0, 0, 0, 0, 0, 0, 0, 0]"
609,82073,eNar_B05_02_09_021,195,"[118282, 118468, 0, 0, 0, 0, 0, 0]","[0, 0, 0, 0, 0, 0, 0, 0]"
610,82074,eNar_B05_02_09_022,195,"[118283, 118469, 0, 0, 0, 0, 0, 0]","[0, 0, 0, 0, 0, 0, 0, 0]"
440,82075,eNar_B05_02_09_030,195,"[118284, 118470, 0, 0, 0, 0, 0, 0]","[0, 0, 0, 0, 0, 0, 0, 0]"
441,82077,eNar_B05_02_09_040,195,"[118285, 118286, 112124, 118287, 118288, 0, 0, 0]","[0, 0, 0, 0, 0, 0, 0, 0]"
442,82078,eNar_B05_02_09_050,195,"[118289, 118290, 112124, 118291, 118292, 0, 0, 0]","[0, 0, 0, 0, 0, 0, 0, 0]"
443,82079,eNar_B05_02_09_060,195,"[118293, 118294, 112124, 118295, 118296, 112124, 118297, 118298]","[0, 0, 0, 0, 0, 0, 0, 0]"
444,82080,eNar_B05_02_09_070,195,"[118299, 118300, 0, 0, 0, 0, 0, 0]","[0, 0, 0, 0, 0, 0, 0, 0]"
445,82081,eNar_B05_02_09_080,195,"[118301, 112124, 118302, 118303, 112124, 118304, 118305, 0]","[0, 0, 0, 0, 0, 0, 0, 0]"
446,82082,eNar_B05_02_09_090,195,"[118306, 118307, 112124, 118308, 118309, 112124, 118310, 118311]","[0, 0, 0, 0, 0, 0, 0, 0]"
447,82083,eNar_B05_02_09_100,195,"[118312, 118313, 118314, 118315, 0, 0, 0, 0]","[0, 0, 0, 0, 0, 0, 0, 0]"
448,82084,eNar_B05_02_09_110,195,"[118316, 118317, 112124, 118318, 118319, 118320, 0, 0]","[0, 0, 0, 0, 0, 0, 0, 0]"
449,82085,eNar_B05_02_09_120,195,"[118321, 118322, 118323, 118324, 112124, 118325, 0, 0]","[0, 0, 0, 0, 0, 0, 0, 0]"
460,0,eNar_B05_02_12_110,195,"[118442, 0, 0, 0, 0, 0, 0, 0]","[1, 1, 1, 1, 1, 1, 1, 1]"
369,71750,eNar_B06_00_01_010,195,"[6001, 6002, 0, 0, 0, 0, 0, 0]","[1, 1, 1, 1, 1, 1, 1, 1]"
370,71751,eNar_B06_00_01_020,195,"[6003, 6004, 6005, 6006, 0, 0, 0, 0]","[1, 1, 1, 1, 1, 1, 1, 1]"
371,71752,eNar_B06_00_01_030,195,"[6007, 6008, 6009, 0, 0, 0, 0, 0]","[1, 1, 1, 1, 1, 1, 1, 1]"
372,71753,eNar_B06_00_01_040,195,"[6010, 6011, 0, 0, 0, 0, 0, 0]","[1, 1, 1, 1, 1, 1, 1, 1]"
373,71754,eNar_B06_00_01_050,195,"[6012, 6013, 6014, 0, 0, 0, 0, 0]","[1, 1, 1, 1, 1, 1, 1, 1]"
374,71755,eNar_B06_00_01_060,195,"[6015, 6016, 6017, 6018, 0, 0, 0, 0]","[1, 1, 1, 1, 1, 1, 1, 1]"
375,71756,eNar_B06_00_01_070,195,"[6019, 0, 0, 0, 0, 0, 0, 0]","[1, 1, 1, 1, 1, 1, 1, 1]"
480,0,eNar_B06_01_00_010,195,"[122722, 122723, 112124, 122724, 122725, 122726, 112124, 122727]","[1, 1, 1, 1, 1, 1, 1, 1]"
481,0,eNar_B06_01_00_020,195,"[122728, 112124, 122729, 122730, 122731, 112124, 122732, 122733]","[1, 1, 1, 1, 1, 1, 1, 1]"
608,0,eNar_B06_01_10_005,195,"[137913, 0, 0, 0, 0, 0, 0, 0]","[1, 1, 1, 1, 1, 1, 1, 1]"
387,78418,eNar_B06_01_10_010,195,"[114991, 0, 0, 0, 0, 0, 0, 0]","[1, 1, 1, 1, 1, 1, 1, 1]"
388,78419,eNar_B06_01_10_020,195,"[114992, 114993, 0, 0, 0, 0, 0, 0]","[1, 1, 1, 1, 1, 1, 1, 1]"
389,78420,eNar_B06_01_10_030,195,"[114994, 0, 0, 0, 0, 0, 0, 0]","[1, 1, 1, 1, 1, 1, 1, 1]"
390,78421,eNar_B06_01_10_040,195,"[114995, 115293, 0, 0, 0, 0, 0, 0]","[1, 1, 1, 1, 1, 1, 1, 1]"
391,78422,eNar_B06_01_10_050,195,"[115294, 115295, 0, 0, 0, 0, 0, 0]","[1, 1, 1, 1, 1, 1, 1, 1]"
526,0,eNar_B06_02_01_010,195,"[118724, 118725, 118726, 112124, 118727, 118728, 118729, 0]","[1, 1, 1, 1, 1, 1, 1, 1]"
527,0,eNar_B06_02_01_020,195,"[118730, 118731, 118732, 112124, 118733, 118734, 118735, 0]","[1, 1, 1, 1, 1, 1, 1, 1]"
612,0,eNar_B06_02_10_005,195,"[139499, 139500, 139501, 112124, 139502, 139503, 139504, 0]","[1, 1, 1, 1, 1, 1, 1, 1]"
465,0,eNar_B06_02_10_010,195,"[119240, 119241, 0, 0, 0, 0, 0, 0]","[1, 1, 1, 1, 1, 1, 1, 1]"
466,0,eNar_B06_02_10_020,195,"[119242, 119243, 0, 0, 0, 0, 0, 0]","[1, 1, 1, 1, 1, 1, 1, 1]"
467,0,eNar_B06_02_10_030,195,"[119248, 0, 0, 0, 0, 0, 0, 0]","[1, 1, 1, 1, 1, 1, 1, 1]"
468,0,eNar_B06_02_10_040,195,"[119249, 0, 0, 0, 0, 0, 0, 0]","[1, 1, 1, 1, 1, 1, 1, 1]"
490,0,eNar_B07_00_FRHT_guide,195,"[114365, 114366, 114367, 114368, 114369, 0, 0, 0]","[1, 1, 1, 1, 1, 1, 1, 1]"
452,0,eNar_B07_01_01_010,195,"[120962, 120963, 120964, 112124, 120965, 120966, 120967, 0]","[1, 1, 1, 1, 1, 1, 1, 1]"
453,0,eNar_B07_01_01_020,195,"[120968, 120969, 112124, 120970, 120971, 0, 0, 0]","[1, 1, 1, 1, 1, 1, 1, 1]"
428,0,eNar_B07_01_08_010,195,"[116366, 116367, 116368, 0, 0, 0, 0, 0]","[1, 1, 1, 1, 1, 1, 1, 1]"
429,0,eNar_B07_01_08_020,195,"[116400, 116401, 116402, 0, 0, 0, 0, 0]","[1, 1, 1, 1, 1, 1, 1, 1]"
430,0,eNar_B07_01_08_030,195,"[116403, 116404, 112124, 116405, 0, 0, 0, 0]","[1, 1, 1, 1, 1, 1, 1, 1]"
566,0,eNar_Twn_BOOK_01_01_010,195,"[135934, 112124, 135935, 135936, 112124, 135937, 135938, 0]","[0, 0, 0, 0, 0, 0, 0, 0]"
567,0,eNar_Twn_BOOK_01_01_020,195,"[135939, 135940, 112124, 135941, 135942, 135943, 0, 0]","[0, 0, 0, 0, 0, 0, 0, 0]"
568,0,eNar_Twn_BOOK_01_01_030,195,"[135944, 135945, 0, 0, 0, 0, 0, 0]","[0, 0, 0, 0, 0, 0, 0, 0]"
606,0,eNar_Twn_BOOK_01_01_040,195,"[135946, 135947, 112124, 135948, 135949, 135950, 112124, 137903]","[0, 0, 0, 0, 0, 0, 0, 0]"
569,0,eNar_Twn_BOOK_02_01_010,195,"[135952, 135953, 135954, 112124, 135955, 135956, 1000056, 135957]","[0, 0, 0, 0, 0, 0, 0, 0]"
570,0,eNar_Twn_BOOK_02_01_020,195,"[135958, 135959, 0, 0, 0, 0, 0, 0]","[0, 0, 0, 0, 0, 0, 0, 0]"
571,0,eNar_Twn_BOOK_02_01_030,195,"[135960, 135961, 112124, 135962, 1000057, 112124, 135963, 135964]","[0, 0, 0, 0, 0, 0, 0, 0]"
572,0,eNar_Twn_BOOK_02_01_040,195,"[135965, 112124, 135966, 135967, 112124, 135968, 135969, 135970]","[0, 0, 0, 0, 0, 0, 0, 0]"
603,0,eNar_Twn_BOOK_02_01_050,195,"[135971, 135972, 112124, 135973, 135974, 135975, 112124, 135976]","[0, 0, 0, 0, 0, 0, 0, 0]"
573,0,eNar_Twn_BOOK_03_01_010,195,"[135980, 135981, 112124, 135982, 112124, 135983, 135984, 135985]","[0, 0, 0, 0, 0, 0, 0, 0]"
574,0,eNar_Twn_BOOK_03_01_020,195,"[135986, 112124, 135987, 112124, 135988, 135989, 112124, 135990]","[0, 0, 0, 0, 0, 0, 0, 0]"
575,0,eNar_Twn_BOOK_03_01_030,195,"[135991, 112124, 135992, 112124, 135993, 135994, 135995, 0]","[0, 0, 0, 0, 0, 0, 0, 0]"
576,0,eNar_Twn_BOOK_03_01_040,195,"[135996, 112124, 135997, 112124, 135998, 112124, 135999, 136000]","[0, 0, 0, 0, 0, 0, 0, 0]"
604,0,eNar_Twn_BOOK_03_01_050,195,"[136001, 136002, 112124, 136003, 136822, 112124, 137904, 137905]","[0, 0, 0, 0, 0, 0, 0, 0]"
577,0,eNar_Twn_BOOK_04_01_010,195,"[136005, 112124, 136006, 136007, 112124, 136008, 136009, 136010]","[0, 0, 0, 0, 0, 0, 0, 0]"
578,0,eNar_Twn_BOOK_04_01_020,195,"[136011, 112124, 136012, 136013, 112124, 136014, 136015, 0]","[0, 0, 0, 0, 0, 0, 0, 0]"
579,0,eNar_Twn_BOOK_04_01_030,195,"[136828, 112124, 136016, 136017, 0, 0, 0, 0]","[0, 0, 0, 0, 0, 0, 0, 0]"
580,0,eNar_Twn_BOOK_04_01_040,195,"[136018, 112124, 136019, 136020, 136021, 136022, 136023, 136024]","[0, 0, 0, 0, 0, 0, 0, 0]"
607,0,eNar_Twn_BOOK_04_01_050,195,"[136025, 136026, 112124, 136027, 112124, 136028, 136029, 137906]","[0, 0, 0, 0, 0, 0, 0, 0]"
581,0,eNar_Twn_BOOK_05_01_010,195,"[136033, 136034, 112124, 136035, 136036, 112124, 136037, 0]","[0, 0, 0, 0, 0, 0, 0, 0]"
582,0,eNar_Twn_BOOK_05_01_020,195,"[136038, 136039, 112124, 136040, 136041, 0, 0, 0]","[0, 0, 0, 0, 0, 0, 0, 0]"
583,0,eNar_Twn_BOOK_05_01_030,195,"[136042, 136043, 136044, 112124, 136045, 136046, 136047, 136048]","[0, 0, 0, 0, 0, 0, 0, 0]"
584,0,eNar_Twn_BOOK_05_01_040,195,"[136049, 112124, 136050, 0, 0, 0, 0, 0]","[0, 0, 0, 0, 0, 0, 0, 0]"
621,0,eNar_Twn_BOOK_05_01_050,195,"[136051, 112124, 136052, 136053, 136054, 112124, 136055, 0]","[0, 0, 0, 0, 0, 0, 0, 0]"
622,0,eNar_Twn_BOOK_05_01_060,195,"[136056, 136057, 112124, 136058, 143126, 143127, 0, 0]","[0, 0, 0, 0, 0, 0, 0, 0]"
585,0,eNar_Twn_BOOK_06_01_010,195,"[136060, 112124, 136061, 136062, 136063, 136064, 0, 0]","[0, 0, 0, 0, 0, 0, 0, 0]"
586,0,eNar_Twn_BOOK_06_01_020,195,"[136065, 136066, 112124, 136067, 136068, 136069, 112124, 136070]","[0, 0, 0, 0, 0, 0, 0, 0]"
587,0,eNar_Twn_BOOK_06_01_030,195,"[136071, 136072, 136073, 136074, 112124, 136075, 136076, 136077]","[0, 0, 0, 0, 0, 0, 0, 0]"
588,0,eNar_Twn_BOOK_06_01_040,195,"[136078, 136079, 136080, 112124, 136081, 136082, 143128, 0]","[0, 0, 0, 0, 0, 0, 0, 0]"
623,0,eNar_Twn_BOOK_06_01_050,195,"[143129, 143130, 112124, 143131, 112124, 143132, 143133, 1000058]","[0, 0, 0, 0, 0, 0, 0, 0]"
589,0,eNar_Twn_BOOK_07_01_010,195,"[136084, 136085, 112124, 136086, 136087, 112124, 136088, 136089]","[0, 0, 0, 0, 0, 0, 0, 0]"
590,0,eNar_Twn_BOOK_07_01_020,195,"[136090, 112124, 136091, 112124, 136092, 112124, 136093, 136094]","[0, 0, 0, 0, 0, 0, 0, 0]"
591,0,eNar_Twn_BOOK_07_01_030,195,"[136095, 136096, 136097, 112124, 136098, 136099, 112124, 136100]","[0, 0, 0, 0, 0, 0, 0, 0]"
592,0,eNar_Twn_BOOK_07_01_040,195,"[136101, 112124, 136102, 136103, 136104, 136105, 0, 0]","[0, 0, 0, 0, 0, 0, 0, 0]"
624,0,eNar_Twn_BOOK_07_01_050,195,"[136106, 143134, 112124, 143135, 143136, 112124, 143137, 143138]","[0, 0, 0, 0, 0, 0, 0, 0]"
593,0,eNar_Twn_BOOK_08_01_010,195,"[136108, 136109, 112124, 136110, 112124, 136111, 136112, 136113]","[0, 0, 0, 0, 0, 0, 0, 0]"
594,0,eNar_Twn_BOOK_08_01_020,195,"[136114, 136115, 112124, 136116, 112124, 136117, 136118, 0]","[0, 0, 0, 0, 0, 0, 0, 0]"
595,0,eNar_Twn_BOOK_08_01_030,195,"[136119, 136120, 136121, 112124, 136122, 136123, 112124, 136124]","[0, 0, 0, 0, 0, 0, 0, 0]"
596,0,eNar_Twn_BOOK_08_01_040,195,"[136125, 136126, 136127, 112124, 136128, 136129, 0, 0]","[0, 0, 0, 0, 0, 0, 0, 0]"
625,0,eNar_Twn_BOOK_08_01_050,195,"[136130, 143139, 112124, 143140, 143141, 112124, 143142, 143143]","[0, 0, 0, 0, 0, 0, 0, 0]"
626,0,eNar_Twn_BOOK_08_01_060,195,"[143144, 143145, 112124, 143146, 143147, 0, 0, 0]","[0, 0, 0, 0, 0, 0, 0, 0]"
597,0,eNar_Twn_BOOK_09_01_010,195,"[136132, 112124, 136133, 136134, 136135, 112124, 136136, 136137]","[0, 0, 0, 0, 0, 0, 0, 0]"
598,0,eNar_Twn_BOOK_09_01_020,195,"[136138, 112124, 136139, 136140, 136141, 112124, 136142, 136143]","[0, 0, 0, 0, 0, 0, 0, 0]"
599,0,eNar_Twn_BOOK_09_01_030,195,"[136144, 112124, 136145, 136146, 136147, 112124, 136148, 136149]","[0, 0, 0, 0, 0, 0, 0, 0]"
600,0,eNar_Twn_BOOK_09_01_040,195,"[136150, 112124, 136151, 136152, 112124, 136153, 136154, 136155]","[0, 0, 0, 0, 0, 0, 0, 0]"
605,0,eNar_Twn_BOOK_09_01_050,195,"[136156, 136157, 112124, 136823, 136824, 136825, 112124, 136826]","[0, 0, 0, 0, 0, 0, 0, 0]"
637,0,eNar_StrBk_00001_01_010,195,"[146529, 0, 0, 0, 0, 0, 0, 0]","[1, 0, 0, 0, 0, 0, 0, 0]"
638,0,eNar_StrBk_00002_01_010,195,"[146528, 0, 0, 0, 0, 0, 0, 0]","[1, 0, 0, 0, 0, 0, 0, 0]"
640,0,eNar_StrBk_00003_01_010,195,"[146591, 0, 0, 0, 0, 0, 0, 0]","[1, 0, 0, 0, 0, 0, 0, 0]"
641,0,eNar_StrBk_00004_01_010,195,"[146593, 0, 0, 0, 0, 0, 0, 0]","[1, 0, 0, 0, 0, 0, 0, 0]"
646,0,eNar_StrBk_00005_01_010,195,"[146662, 0, 0, 0, 0, 0, 0, 0]","[1, 0, 0, 0, 0, 0, 0, 0]"
642,0,eNar_StrBk_00006_01_010,195,"[146594, 0, 0, 0, 0, 0, 0, 0]","[1, 0, 0, 0, 0, 0, 0, 0]"
643,0,eNar_StrBk_00007_01_010,195,"[146595, 0, 0, 0, 0, 0, 0, 0]","[1, 0, 0, 0, 0, 0, 0, 0]"
644,0,eNar_StrBk_00008_01_010,195,"[146596, 0, 0, 0, 0, 0, 0, 0]","[1, 0, 0, 0, 0, 0, 0, 0]"
635,0,eNar_StrBk_00009_01_010,195,"[146523, 0, 0, 0, 0, 0, 0, 0]","[1, 0, 0, 0, 0, 0, 0, 0]"
636,0,eNar_StrBk_00010_01_010,195,"[146527, 0, 0, 0, 0, 0, 0, 0]","[1, 0, 0, 0, 0, 0, 0, 0]"
639,0,eNar_StrBk_00011_01_010,195,"[146530, 0, 0, 0, 0, 0, 0, 0]","[1, 0, 0, 0, 0, 0, 0, 0]"
645,0,eNar_StrBk_00013_01_010,195,"[146598, 0, 0, 0, 0, 0, 0, 0]","[1, 0, 0, 0, 0, 0, 0, 0]"
647,0,eNar_StrBk_00014_01_010,195,"[147638, 0, 0, 0, 0, 0, 0, 0]","[1, 0, 0, 0, 0, 0, 0, 0]"
652,0,eNar_StrBk_00015_01_010,195,"[147720, 0, 0, 0, 0, 0, 0, 0]","[1, 0, 0, 0, 0, 0, 0, 0]"
653,0,eNar_StrBk_00016_01_010,195,"[147721, 0, 0, 0, 0, 0, 0, 0]","[1, 0, 0, 0, 0, 0, 0, 0]"
648,0,eNar_StrBk_00017_01_010,195,"[147653, 0, 0, 0, 0, 0, 0, 0]","[1, 0, 0, 0, 0, 0, 0, 0]"
649,0,eNar_StrBk_00018_01_010,195,"[147668, 0, 0, 0, 0, 0, 0, 0]","[1, 0, 0, 0, 0, 0, 0, 0]"
650,0,eNar_StrBk_00019_01_010,195,"[147692, 0, 0, 0, 0, 0, 0, 0]","[1, 0, 0, 0, 0, 0, 0, 0]"
651,0,eNar_StrBk_00020_01_010,195,"[147719, 0, 0, 0, 0, 0, 0, 0]","[1, 0, 0, 0, 0, 0, 0, 0]"
654,0,eNar_StrBk_00021_01_010,195,"[147722, 0, 0, 0, 0, 0, 0, 0]","[1, 0, 0, 0, 0, 0, 0, 0]"
655,0,eNar_StrBk_00022_01_010,195,"[147723, 0, 0, 0, 0, 0, 0, 0]","[1, 0, 0, 0, 0, 0, 0, 0]"
656,0,eNar_StrBk_00023_01_010,195,"[147724, 0, 0, 0, 0, 0, 0, 0]","[1, 0, 0, 0, 0, 0, 0, 0]"
657,0,eNar_StrBk_00024_01_010,195,"[147725, 0, 0, 0, 0, 0, 0, 0]","[1, 0, 0, 0, 0, 0, 0, 0]"
658,0,eNar_StrBk_00025_01_010,195,"[147726, 0, 0, 0, 0, 0, 0, 0]","[1, 0, 0, 0, 0, 0, 0, 0]"
659,0,eNar_StrBk_00026_01_010,195,"[147727, 0, 0, 0, 0, 0, 0, 0]","[1, 0, 0, 0, 0, 0, 0, 0]"
660,0,eNar_StrBk_00027_01_010,195,"[147728, 0, 0, 0, 0, 0, 0, 0]","[1, 0, 0, 0, 0, 0, 0, 0]"
661,0,eNar_StrBk_00028_01_010,195,"[147729, 0, 0, 0, 0, 0, 0, 0]","[1, 0, 0, 0, 0, 0, 0, 0]"
662,0,eNar_StrBk_00029_01_010,195,"[147730, 0, 0, 0, 0, 0, 0, 0]","[1, 0, 0, 0, 0, 0, 0, 0]"
664,0,eNar_StrBk_00030_01_010,195,"[148520, 0, 0, 0, 0, 0, 0, 0]","[1, 0, 0, 0, 0, 0, 0, 0]"
663,0,eNar_StrBk_00031_01_010,195,"[148086, 0, 0, 0, 0, 0, 0, 0]","[1, 0, 0, 0, 0, 0, 0, 0]"
672,0,eNar_StrBk_00032_01_010,195,"[148569, 0, 0, 0, 0, 0, 0, 0]","[1, 0, 0, 0, 0, 0, 0, 0]"
682,0,eNar_StrBk_00033_01_010,195,"[148928, 0, 0, 0, 0, 0, 0, 0]","[1, 0, 0, 0, 0, 0, 0, 0]"
673,0,eNar_StrBk_00034_01_010,195,"[148592, 0, 0, 0, 0, 0, 0, 0]","[1, 0, 0, 0, 0, 0, 0, 0]"
674,0,eNar_StrBk_00035_01_010,195,"[148628, 0, 0, 0, 0, 0, 0, 0]","[1, 0, 0, 0, 0, 0, 0, 0]"
675,0,eNar_StrBk_00036_01_010,195,"[148677, 0, 0, 0, 0, 0, 0, 0]","[1, 0, 0, 0, 0, 0, 0, 0]"
676,0,eNar_StrBk_00037_01_010,195,"[148713, 0, 0, 0, 0, 0, 0, 0]","[1, 0, 0, 0, 0, 0, 0, 0]"
677,0,eNar_StrBk_00038_01_010,195,"[148763, 0, 0, 0, 0, 0, 0, 0]","[1, 0, 0, 0, 0, 0, 0, 0]"
678,0,eNar_StrBk_00039_01_010,195,"[148795, 0, 0, 0, 0, 0, 0, 0]","[1, 0, 0, 0, 0, 0, 0, 0]"
679,0,eNar_StrBk_00040_01_010,195,"[148827, 0, 0, 0, 0, 0, 0, 0]","[1, 0, 0, 0, 0, 0, 0, 0]"
680,0,eNar_StrBk_00041_01_010,195,"[148884, 0, 0, 0, 0, 0, 0, 0]","[1, 0, 0, 0, 0, 0, 0, 0]"
681,0,eNar_StrBk_00041_03_010,195,"[149027, 148914, 149028, 0, 0, 0, 0, 0]","[1, 1, 1, 0, 0, 0, 0, 0]"
731,0,eNar_StrBk_00041_04_010,195,"[149343, 0, 0, 0, 0, 0, 0, 0]","[1, 1, 1, 0, 0, 0, 0, 0]"
683,0,eNar_StrBk_00042_01_010,195,"[148968, 0, 0, 0, 0, 0, 0, 0]","[1, 0, 0, 0, 0, 0, 0, 0]"
734,0,eNar_StrBk_00044_01_010,195,"[149421, 0, 0, 0, 0, 0, 0, 0]","[1, 0, 0, 0, 0, 0, 0, 0]"
738,0,eNar_StrBk_00045_01_010,195,"[149781, 0, 0, 0, 0, 0, 0, 0]","[1, 0, 0, 0, 0, 0, 0, 0]"
739,0,eNar_StrBk_00046_01_010,195,"[149782, 0, 0, 0, 0, 0, 0, 0]","[1, 0, 0, 0, 0, 0, 0, 0]"
740,0,eNar_StrBk_00047_01_010,195,"[149783, 0, 0, 0, 0, 0, 0, 0]","[1, 0, 0, 0, 0, 0, 0, 0]"
741,0,eNar_StrBk_00048_01_010,195,"[149784, 0, 0, 0, 0, 0, 0, 0]","[1, 0, 0, 0, 0, 0, 0, 0]"
742,0,eNar_StrBk_00049_01_010,195,"[149785, 0, 0, 0, 0, 0, 0, 0]","[1, 0, 0, 0, 0, 0, 0, 0]"
733,0,eNar_StrBk_00050_01_010,195,"[149388, 0, 0, 0, 0, 0, 0, 0]","[1, 0, 0, 0, 0, 0, 0, 0]"
730,0,eNar_StrBk_00051_01_010,195,"[149313, 0, 0, 0, 0, 0, 0, 0]","[1, 0, 0, 0, 0, 0, 0, 0]"
759,0,eNar_StrBk_00052_01_010,195,"[150553, 0, 0, 0, 0, 0, 0, 0]","[1, 0, 0, 0, 0, 0, 0, 0]"
760,0,eNar_StrBk_00053_01_010,195,"[150561, 0, 0, 0, 0, 0, 0, 0]","[1, 0, 0, 0, 0, 0, 0, 0]"
761,0,eNar_StrBk_00054_01_010,195,"[150562, 0, 0, 0, 0, 0, 0, 0]","[1, 0, 0, 0, 0, 0, 0, 0]"
762,0,eNar_StrBk_00055_01_010,195,"[150563, 0, 0, 0, 0, 0, 0, 0]","[1, 0, 0, 0, 0, 0, 0, 0]"
763,0,eNar_StrBk_00056_01_010,195,"[150573, 0, 0, 0, 0, 0, 0, 0]","[1, 0, 0, 0, 0, 0, 0, 0]"
764,0,eNar_StrBk_00057_01_010,195,"[150574, 0, 0, 0, 0, 0, 0, 0]","[1, 0, 0, 0, 0, 0, 0, 0]"
743,0,eNar_StrBk_00058_01_010,195,"[150099, 0, 0, 0, 0, 0, 0, 0]","[1, 0, 0, 0, 0, 0, 0, 0]"
744,0,eNar_StrBk_00059_01_010,195,"[150109, 0, 0, 0, 0, 0, 0, 0]","[1, 0, 0, 0, 0, 0, 0, 0]"
745,0,eNar_StrBk_00060_01_010,195,"[150110, 0, 0, 0, 0, 0, 0, 0]","[1, 0, 0, 0, 0, 0, 0, 0]"
736,0,eNar_StrBk_00061_01_010,195,"[149470, 0, 0, 0, 0, 0, 0, 0]","[1, 0, 0, 0, 0, 0, 0, 0]"
737,0,eNar_StrBk_00061_01_020,195,"[149500, 0, 0, 0, 0, 0, 0, 0]","[1, 0, 0, 0, 0, 0, 0, 0]"
746,0,eNar_StrBk_00062_01_010,195,"[150113, 0, 0, 0, 0, 0, 0, 0]","[1, 0, 0, 0, 0, 0, 0, 0]"
747,0,eNar_StrBk_00063_01_010,195,"[150133, 0, 0, 0, 0, 0, 0, 0]","[1, 0, 0, 0, 0, 0, 0, 0]"
748,0,eNar_StrBk_00064_01_010,195,"[150168, 0, 0, 0, 0, 0, 0, 0]","[1, 0, 0, 0, 0, 0, 0, 0]"
765,0,eNar_StrBk_00065_01_010,195,"[151264, 0, 0, 0, 0, 0, 0, 0]","[1, 0, 0, 0, 0, 0, 0, 0]"
749,0,eNar_StrBk_00066_01_010,195,"[150198, 0, 0, 0, 0, 0, 0, 0]","[1, 0, 0, 0, 0, 0, 0, 0]"
750,0,eNar_StrBk_00066_01_020,195,"[150202, 150203, 0, 0, 0, 0, 0, 0]","[1, 1, 0, 0, 0, 0, 0, 0]"
751,0,eNar_StrBk_00066_01_030,195,"[150204, 150205, 0, 0, 0, 0, 0, 0]","[1, 1, 0, 0, 0, 0, 0, 0]"
752,0,eNar_StrBk_00067_01_010,195,"[150256, 0, 0, 0, 0, 0, 0, 0]","[1, 0, 0, 0, 0, 0, 0, 0]"
753,0,eNar_StrBk_00068_01_010,195,"[150323, 0, 0, 0, 0, 0, 0, 0]","[1, 0, 0, 0, 0, 0, 0, 0]"
754,0,eNar_StrBk_00069_01_010,195,"[150356, 0, 0, 0, 0, 0, 0, 0]","[1, 0, 0, 0, 0, 0, 0, 0]"
755,0,eNar_StrBk_00070_01_010,195,"[150395, 0, 0, 0, 0, 0, 0, 0]","[1, 0, 0, 0, 0, 0, 0, 0]"
756,0,eNar_StrBk_00071_01_010,195,"[150427, 0, 0, 0, 0, 0, 0, 0]","[1, 0, 0, 0, 0, 0, 0, 0]"
757,0,eNar_StrBk_00072_01_010,195,"[150462, 0, 0, 0, 0, 0, 0, 0]","[1, 0, 0, 0, 0, 0, 0, 0]"
758,0,eNar_StrBk_00073_01_010,195,"[150515, 0, 0, 0, 0, 0, 0, 0]","[1, 0, 0, 0, 0, 0, 0, 0]"
776,0,eNar_StrBk_00073_01_020,195,"[153221, 0, 0, 0, 0, 0, 0, 0]","[1, 0, 0, 0, 0, 0, 0, 0]"
766,0,eNar_StrBk_00076_01_010,195,"[151303, 0, 0, 0, 0, 0, 0, 0]","[1, 0, 0, 0, 0, 0, 0, 0]"
769,0,eNar_StrBk_00077_01_010,195,"[152729, 0, 0, 0, 0, 0, 0, 0]","[1, 0, 0, 0, 0, 0, 0, 0]"
770,0,eNar_StrBk_00080_01_010,195,"[152770, 0, 0, 0, 0, 0, 0, 0]","[1, 0, 0, 0, 0, 0, 0, 0]"
772,0,eNar_StrBk_00081_01_010,195,"[152830, 0, 0, 0, 0, 0, 0, 0]","[1, 0, 0, 0, 0, 0, 0, 0]"
773,0,eNar_StrBk_00082_01_010,195,"[152859, 0, 0, 0, 0, 0, 0, 0]","[1, 0, 0, 0, 0, 0, 0, 0]"
771,0,eNar_StrBk_00083_01_010,195,"[152806, 0, 0, 0, 0, 0, 0, 0]","[1, 0, 0, 0, 0, 0, 0, 0]"
774,0,eNar_StrBk_00085_01_010,195,"[153154, 0, 0, 0, 0, 0, 0, 0]","[1, 0, 0, 0, 0, 0, 0, 0]"
797,0,eNar_StrBk_00111_01_010,195,"[158054, 0, 0, 0, 0, 0, 0, 0]","[1, 0, 0, 0, 0, 0, 0, 0]"
796,0,eNar_StrBk_00113_01_010,195,"[157754, 0, 0, 0, 0, 0, 0, 0]","[1, 0, 0, 0, 0, 0, 0, 0]"
809,0,eNar_StrBk_00115_01_010,195,"[158646, 0, 0, 0, 0, 0, 0, 0]","[1, 0, 0, 0, 0, 0, 0, 0]"
810,0,eNar_StrBk_00116_01_010,195,"[158693, 0, 0, 0, 0, 0, 0, 0]","[1, 0, 0, 0, 0, 0, 0, 0]"
806,0,eNar_StrBk_00117_01_010,195,"[158540, 0, 0, 0, 0, 0, 0, 0]","[1, 0, 0, 0, 0, 0, 0, 0]"
807,0,eNar_StrBk_00119_01_010,195,"[158585, 0, 0, 0, 0, 0, 0, 0]","[1, 0, 0, 0, 0, 0, 0, 0]"
812,0,eNar_StrBk_00120_01_010,195,"[158773, 0, 0, 0, 0, 0, 0, 0]","[1, 0, 0, 0, 0, 0, 0, 0]"
808,0,eNar_StrBk_00122_01_010,195,"[158619, 0, 0, 0, 0, 0, 0, 0]","[1, 0, 0, 0, 0, 0, 0, 0]"
824,0,eNar_StrBk_00129_01_010,195,"[159509, 0, 0, 0, 0, 0, 0, 0]","[1, 0, 0, 0, 0, 0, 0, 0]"
832,0,eNar_StrBk_00130_01_010,195,"[159720, 0, 0, 0, 0, 0, 0, 0]","[1, 0, 0, 0, 0, 0, 0, 0]"
833,0,eNar_StrBk_00131_01_010,195,"[159721, 0, 0, 0, 0, 0, 0, 0]","[1, 0, 0, 0, 0, 0, 0, 0]"
834,0,eNar_StrBk_00132_01_010,195,"[159722, 0, 0, 0, 0, 0, 0, 0]","[1, 0, 0, 0, 0, 0, 0, 0]"
835,0,eNar_StrBk_00133_01_010,195,"[159723, 0, 0, 0, 0, 0, 0, 0]","[1, 0, 0, 0, 0, 0, 0, 0]"
889,0,eNar_StrBk_00167_01_010,195,"[161418, 0, 0, 0, 0, 0, 0, 0]","[1, 0, 0, 0, 0, 0, 0, 0]"
29,0,eNar_PC000_0010,195,"[8099, 0, 0, 0, 0, 0, 0, 0]","[1, 0, 0, 0, 0, 0, 0, 0]"
58,0,eNar_PC010_04_02b,195,"[10943, 10944, 112124, 10945, 10946, 112124, 10947, 10948]","[1, 1, 1, 1, 1, 1, 1, 1]"
143,0,eNar_PC023_04_01a_2,194,"[14787, 14788, 112124, 14789, 14790, 112124, 14791, 14792]","[0, 0, 0, 0, 0, 0, 0, 0]"
144,0,eNar_PC023_04_01a_3,194,"[14793, 14794, 112124, 14795, 14796, 0, 0, 0]","[0, 0, 0, 0, 0, 0, 0, 0]"
145,0,eNar_PC023_04_01a_4,194,"[14797, 14798, 112124, 14799, 14800, 0, 0, 0]","[0, 0, 0, 0, 0, 0, 0, 0]"
146,0,eNar_PC023_04_01a_5,194,"[14801, 14802, 112124, 14803, 14804, 112124, 14805, 14806]","[0, 0, 0, 0, 0, 0, 0, 0]"
289,0,eNar_PC023_04_01a_2,194,"[12032, 12033, 112124, 12034, 12035, 112124, 12036, 12037]","[0, 0, 0, 0, 0, 0, 0, 0]"
290,0,eNar_PC023_04_01a_3,194,"[12038, 12039, 112124, 12040, 12041, 112124, 12042, 12043]","[0, 0, 0, 0, 0, 0, 0, 0]"
291,0,eNar_PC023_04_01a_4,194,"[12044, 12045, 112124, 12046, 12047, 112124, 12048, 12049]","[0, 0, 0, 0, 0, 0, 0, 0]"
292,0,eNar_PC009_04_02a_1,194,"[10541, 112124, 10542, 10543, 112124, 10544, 10545, 0]","[0, 0, 0, 0, 0, 0, 0, 0]"
293,0,eNar_PC009_04_02a_2,194,"[112124, 10546, 10547, 112124, 10548, 10549, 0, 0]","[0, 0, 0, 0, 0, 0, 0, 0]"
342,0,eNar_PC031_03_02a_1,194,"[17195, 17196, 17197, 17198, 17199, 17200, 17201, 17202]","[0, 0, 0, 0, 0, 0, 0, 0]"
347,0,eNar_PC020_04_03a_1,195,"[13881, 0, 0, 0, 0, 0, 0, 0]","[1, 0, 0, 0, 0, 0, 0, 0]"
380,0,eNar_PC028_01_01a_1,195,"[16109, 0, 0, 0, 0, 0, 0, 0]","[1, 0, 0, 0, 0, 0, 0, 0]"
384,0,eNar_PC002_04_03a_1,195,"[110050, 0, 0, 0, 0, 0, 0, 0]","[1, 0, 0, 0, 0, 0, 0, 0]"
385,0,eNar_PC002_04_03a_2,195,"[110087, 0, 110088, 110089, 0, 110090, 110091, 0]","[1, 0, 1, 1, 0, 1, 1, 0]"
386,0,eNar_PC009_02_02a_1,195,"[0, 0, 10460, 10461, 1000055, 0, 0, 0]","[0, 0, 1, 1, 1, 0, 0, 0]"
392,0,eNar_PC010_03_02a_1,195,"[10830, 0, 0, 0, 0, 0, 0, 0]","[1, 0, 0, 0, 0, 0, 0, 0]"
393,0,eNar_PC034_02_03a_1,195,"[17973, 0, 0, 0, 0, 0, 0, 0]","[1, 0, 0, 0, 0, 0, 0, 0]"
394,0,eNar_PC034_04_02b_1,195,"[18052, 0, 0, 0, 0, 0, 0, 0]","[1, 0, 0, 0, 0, 0, 0, 0]"
469,0,eNar_B00_Priority_Wealth_01,195,"[119258, 112124, 119259, 119260, 112124, 119261, 119262, 0]","[1, 1, 1, 1, 1, 1, 1, 1]"
470,0,eNar_B00_Priority_Power_01,195,"[119263, 112124, 119264, 119265, 112124, 119266, 119267, 0]","[1, 1, 1, 1, 1, 1, 1, 1]"
471,0,eNar_B00_Priority_Fame_01,195,"[119268, 112124, 119269, 119270, 112124, 119271, 119272, 0]","[1, 1, 1, 1, 1, 1, 1, 1]"
475,0,eNar_PC084_04_04a_1,194,"[121712, 121713, 112124, 121714, 121715, 121716, 121717, 112124]","[0, 0, 0, 0, 0, 0, 0, 0]"
476,0,eNar_PC084_04_04a_2,194,"[121718, 112124, 121719, 121720, 121721, 112124, 121722, 112124]","[0, 0, 0, 0, 0, 0, 0, 0]"
477,0,eNar_PC084_04_04a_3,194,"[121723, 121724, 112124, 121725, 121726, 112124, 121727, 112124]","[0, 0, 0, 0, 0, 0, 0, 0]"
478,0,eNar_PC084_04_04a_4,194,"[121728, 121729, 121730, 112124, 121731, 121732, 121733, 112124]","[0, 0, 0, 0, 0, 0, 0, 0]"
479,0,eNar_PC084_04_04a_5,194,"[112124, 121734, 121735, 112124, 112124, 112124, 121736, 112124]","[0, 0, 0, 0, 0, 0, 0, 0]"
522,0,eNar_PC070_04_03a_1,194,"[129225, 129226, 129227, 0, 0, 0, 0, 0]","[1, 1, 1, 1, 1, 1, 1, 1]"
523,0,eNar_PC070_04_03a_2,194,"[129228, 129229, 129230, 0, 0, 0, 0, 0]","[1, 1, 1, 1, 1, 1, 1, 1]"
530,0,eNar_PC073_01_04b_1,194,"[112124, 112124, 112124, 137528, 137529, 112124, 112124, 112124]","[1, 1, 1, 1, 1, 1, 1, 1]"
531,0,eNar_PC073_01_04b_2,194,"[112124, 112124, 112124, 137530, 137531, 112124, 112124, 112124]","[1, 1, 1, 1, 1, 1, 1, 1]"
565,0,eNar_PC131_01_02b_1,195,"[133663, 0, 0, 0, 0, 0, 0, 0]","[1, 0, 0, 0, 0, 0, 0, 0]"
601,0,eNar_PC103_03_01a_1,195,"[135778, 112124, 135779, 112124, 135780, 0, 0, 0]","[1, 1, 1, 1, 1, 0, 0, 0]"
602,0,eNar_PC103_04_01a_1,195,"[135840, 135841, 112124, 135842, 135843, 0, 0, 0]","[1, 1, 1, 1, 1, 0, 0, 0]"
615,86174,eNar_PC186_01_02a_1,195,"[146663, 146664, 112124, 146665, 146666, 0, 0, 0]","[1, 1, 1, 1, 1, 0, 0, 0]"
616,86175,eNar_PC186_01_02a_2,195,"[146667, 146668, 146669, 146670, 146671, 146672, 0, 0]","[1, 1, 1, 1, 1, 1, 0, 0]"
617,86176,eNar_PC186_01_02a_3,195,"[146673, 146674, 112124, 146675, 146676, 0, 0, 0]","[1, 1, 1, 1, 1, 0, 0, 0]"
633,0,eNar_PC068_04_02c,194,"[112124, 139469, 139470, 139471, 139472, 0, 0, 0]","[1, 1, 1, 1, 1, 1, 0, 0]"
